nome_arquivo,texto_extraido,quantidade_palavras,qr_detectado,color1_h,color1_s,color1_v,color2_h,color2_s,color2_v,color3_h,color3_s,color3_v,categoria,subpasta,transito,carteira,driver,habilitacao,nome,validade,identidade,cat,hab,cpf,assinatura,portador,transportes,assinado,digital,estadual,infraestrutura,emissor,proibido,plastificar
aug_imagem_1.jpg,"PUBLICA FEDERATIVA DO

CCARTEIRA NACIONAL DE HABILITACAO / DRIVER LICENSE/ PERMISO DE = 5

GSSen00 ES
ene

ranonees rinan0ss mae] D
AIO SSP PA

ronaesrsz94 | [asesmoense (A
BRASTEIROU)

rose aRAGIO

‘SRA. MARIA EDUARDA CARDOSO

VALIDA EM TODO 0 TERRITORIO NACIONAL",41,0,60,32,8,63,10,240,17,79,167,cnh_digital,CNH_frente,0,1,1,1,0,0,0,0,1,0,0,0,0,0,0,0,0,0,0,0
aug_imagem_10.jpg,"PUBLICA FEDERATIVA DO

CARTEIRA NACIONAL DE HABILITACAO / DRIVER LICENSE/ PERMISO DECONDUCCION

eS ee

22104/1973,SIQUEIRA DE MENDONCA. MA

‘CARLOS EDUARDOTESUS

OLIVIA FONSECA

VALIDA EM TODO 0 TERRITORIO NACIONAL",28,0,16,76,179,64,7,252,60,43,12,cnh_digital,CNH_frente,0,1,1,1,0,0,0,0,1,0,0,0,0,0,0,0,0,0,0,0
aug_imagem_100.jpg,"PUBLICA FEDERATIVA DO

CCARTEIRA NACIONAL DE HABILITACAO / DRIVER LICENSE, PERMISO DE a5

GAs,
Decent

aranc2 come) (mma) D
Mosse? 3° MC

610392874-50 120572495032 AL
BRASILEIRO(A)

VALIDA EM TODO 0 TERRITORIO NACIONAL",32,0,17,75,171,66,10,246,60,46,11,cnh_digital,CNH_frente,0,1,1,1,0,0,0,0,1,0,0,0,0,0,0,0,0,0,0,0
aug_imagem_101.jpg,"VALIDA EM TODO O TERRITORIO NACIONAL

ca RA ee HABILITAGAO / DRIVER LICENSE PERMISO DE mola

2erori362 COSTA DAS EDRAS.GO

(Ses"" (es ~ fee) D

ASAFE FERREIRA

‘OUVIACAMPos",28,0,17,69,170,75,43,12,63,9,245,cnh_digital,CNH_frente,0,0,1,0,0,0,0,0,1,0,0,0,0,0,0,0,0,0,0,0
aug_imagem_102.jpg,"VALIDA EM TODO O TERRITORIO NACIONAL

CCARTEIRA NACIONAL DE HABILITACAO / DRIVER LICENSE /PERMISO DE CONDUCCION

LS ET

somo, ALVES st
onan )(iomco> | (em) D
reas \(ornssimns dcr
ASTRO)",30,0,17,75,171,70,70,11,66,10,246,cnh_digital,CNH_frente,0,1,1,1,0,0,0,0,1,0,0,0,0,0,0,0,0,0,0,0
aug_imagem_103.jpg,"VALIDA EM TODO 0 TERRITORIO NACIONAL

CCARTEIRA NACIONAL DE HABILITACAO / DRIVER LICENSE /PERMISO DE CONDUCCION

(oe (ee)",18,0,17,75,171,66,10,246,60,46,11,cnh_digital,CNH_frente,0,1,1,1,0,0,0,0,1,0,0,0,0,0,0,0,0,0,0,0
aug_imagem_104.jpg,"\VALIDA EM TODO 0 TERRITORIO MACIONAL

REPUBLICA FEDERATIVA DO BRASIL
MINISTERIO DOS TRANSPORTES
CRETARIA NACIONAL DE TRANSITO

CCARTEIRA NACIONAL DE HABILITAGAO / DRIVER LICENSE, PERMISO DE CONDUCCION

ete Ss IE

BRASILEIRO(A)
[BRYAN BARROS

MARIA LUISA PORTO",36,0,66,10,245,18,64,163,60,39,13,cnh_digital,CNH_frente,1,1,1,0,0,0,0,0,1,0,0,0,1,0,0,0,0,0,0,0
aug_imagem_105.jpg,"PUBLICA FEDERATIVA DO

CCARTEIRA NACIONAL DE HABILITACAO / DRIVER LICENSE, PERMISO DE 5

VALIDA EM TODO 0 TERRITORIO NACIONAL",19,0,66,10,246,70,70,11,17,75,171,cnh_digital,CNH_frente,0,1,1,1,0,0,0,0,1,0,0,0,0,0,0,0,0,0,0,0
aug_imagem_106.jpg,"VALIDA EM TODO 0 TERRITORIO NACIONAL

CCARTEIRA NACIONAL DE HABILITACAO / DRIVER LICENSE /PERMISO DE CONDUCCION

Ee EES OF

1990172004, 0USA, TO

ninsea—)(2omann _ ) (a) D

LEORODRIGUES

HADASSA NASCIMENTO",30,0,70,70,11,17,75,171,66,10,246,cnh_digital,CNH_frente,0,1,1,1,0,0,0,0,1,0,0,0,0,0,0,0,0,0,0,0
aug_imagem_107.jpg,"VALIDA EM TODO 0 TERRITORIO NACIONAL

CCARTEIRA NACIONAL DE HABILITACAO / DRIVER LICENSE /PERMISO DE CONDUCCION

ee SE",18,0,75,51,10,16,76,172,66,10,246,cnh_digital,CNH_frente,0,1,1,1,0,0,0,0,1,0,0,0,0,0,0,0,0,0,0,0
aug_imagem_108.jpg,"VALIDA EM TODO 0 TERRITORIO NACIONAL

CCARTEIRA NACIONAL DE HABILITACAO / DRIVER LICENSE /PERMISO DE CONDUCCION

(ec (ose

25/04/1965, ROCHA DA PRATA,TO

worn) (tense) (a) D
RASILEROA)

PEDRO HENRIQUE LEAO

ISABELLY FONSECA",32,0,17,75,171,66,10,246,60,46,11,cnh_digital,CNH_frente,0,1,1,1,0,0,0,0,1,0,0,0,0,0,0,0,0,0,0,0
aug_imagem_109.jpg,"VALIDA EM TODO 0 TERRITORIO NACIONAL

REPUBLICA FEDERAT
MINISTER

sesame [isiest_—) man) D
QQ ss

aura |(ewanins [ace

ASO)

‘THEODORODA MATA

HELENA DUARTE",23,0,63,9,244,60,32,16,18,65,164,cnh_digital,CNH_frente,0,0,0,0,0,0,0,0,0,0,0,0,0,0,0,0,0,0,0,0
aug_imagem_11.jpg,"PUBLICA FEDERATIVA DO

CARTEIRA NACIONAL DE HABILITACAO / DRIVER LICENSE/ PERMISO DECONDUCCION

09/11/1977, PIMENTA, MS

CALEB CASA GRANDE

[ANA VITORIA RODRIGUES

VALIDA EM TODO 0 TERRITORIO NACIONAL",27,0,70,70,11,17,75,171,66,10,246,cnh_digital,CNH_frente,0,1,1,1,0,0,0,0,1,0,0,0,0,0,0,0,0,0,0,0
aug_imagem_110.jpg,"VALIDA EM TODO O TERRITORIO NACIONAL

CCARTEIRA NACIONAL DE HABILITACAO / DRIVER LICENSE /PERMISO DE CONDUCCION

SS — Jee I

rs CoN ALVES DAS LORES
‘sora rests (amma) D
masts SPIN

938472516-19

SSRTA.CECIUA DA LUZ

BRASILEIROYA)

‘SR JOKOGUILHERME MELO",39,0,18,69,169,75,43,12,63,9,245,cnh_digital,CNH_frente,0,1,1,1,0,0,0,0,1,0,0,0,0,0,0,0,0,0,0,0
aug_imagem_111.jpg,"Ce el DDEHABILITACAO / DRIVER LICENSE /PERMISO DE CONDUCCION

a |

om (ea fama) ©

trsesurn sv DF

‘THHODORO MENDONGA

ISAMKLCUNIIA",21,0,19,51,159,63,9,244,60,18,14,cnh_digital,CNH_frente,0,0,1,1,0,0,0,0,1,0,0,0,0,0,0,0,0,0,0,0
aug_imagem_112.jpg,"PUBLICA FEDERATIVA DO BR

CCARTEIRA NACIONAL DE HABILITACAO / DRIVER LICENSE/ PERMISO DE CONDUCCION

a nn Eg

tenanma aerr0s2 man} D
PEDHAS9355S° PE

65391020038 952007783 cr
BRASILEIRO)

DAVILUCCA MORAES

‘SRA. ANA CAROLINA MENDES

VALIDA EM TODO 0 TERRITORIO NACIONAL",39,0,16,71,183,60,15,17,70,3,252,cnh_digital,CNH_frente,0,1,1,1,0,0,0,0,1,0,0,0,0,0,0,0,0,0,0,0
aug_imagem_113.jpg,"PUBLICA FEDERATIVA DO

CCARTEIRA NACIONAL DE HABILITACAO / DRIVER LICENSE/ PERMISO DECONDUCCION

LS

osnanoc2 tran) (ama) D
ALDENISL SSP AL

sssoszn _J(sovnxor J ce
BRastROU)

IWANCASTRO

AGATHA MELO

VALIDA EM TODO 0 TERRITORIO NACIONAL",34,0,75,24,21,64,7,252,17,70,181,cnh_digital,CNH_frente,0,1,1,1,0,0,0,0,1,0,0,0,0,0,0,0,0,0,0,0
aug_imagem_114.jpg,,0,0,63,9,243,19,54,155,60,23,11,cnh_digital,CNH_frente,0,0,0,0,0,0,0,0,0,0,0,0,0,0,0,0,0,0,0,0
aug_imagem_115.jpg,"REPUBLICA FEDERATIVA DO BRASIL

OS TRANSPOR
ONAL DE TRAN

CARTEIRANACIONAL DE HABILITACAO / DRIVER LICENSE  PERMISO DE CONDUCCION

(Sissons SS™S~™S™SCS@ ss)
sr, RETO DEFOGAGA.SP

a unin )(aseaze  ) (mm) D

DANO RonaES

JULIANA PEREIRA

VALIDA EM TODO 0 TERRITORIO NACIONAL",40,0,18,68,164,63,9,244,60,32,16,cnh_digital,CNH_frente,0,1,1,1,0,0,0,0,1,0,0,0,0,0,0,0,0,0,0,0
aug_imagem_116.jpg,"VALIDA EM TODO 0 TERRITORIO NACIONAL

CCARTEIRA NACIONAL DE HABILITACAO / DRIVER LICENSE /PERMISO DE CONDUCCION

(08/08/1966, VIANA, ES

canvas (ounce | (Sm) D
ASO)

FELIPE JESUS

‘MARIALIZDA ROCHA",29,0,75,51,10,17,75,171,66,10,246,cnh_digital,CNH_frente,0,1,1,1,0,0,0,0,1,0,0,0,0,0,0,0,0,0,0,0
aug_imagem_117.jpg,"VALIDA EM TODO 0 TERRITORIO NACIONAL

CCARTEIRA NACIONAL DE HABILITACAO / DRIVER LICENSE /PERMISO DE CONDUCCION

eS Ee",18,0,17,75,171,70,70,11,66,10,246,cnh_digital,CNH_frente,0,1,1,1,0,0,0,0,1,0,0,0,0,0,0,0,0,0,0,0
aug_imagem_118.jpg,"VALIDA EM TODO 0 TERRITORIO NACIONAL

CCARTEIRA NACIONAL DE HABILITACAO / DRIVER LICENSE / PERMISO DE CONDUCCION

ene Edema I)
aincaree

ARTHUR MIGUEL MACEDO

CECILIA ALVES",26,0,17,67,164,63,9,244,60,34,15,cnh_digital,CNH_frente,0,1,1,1,0,0,0,0,1,0,0,0,0,0,0,0,0,0,0,0
aug_imagem_119.jpg,"PUBLICA FEDERATIVA DO

CCARTEIRA NACIONAL DE HABILITACAO / DRIVER LICENSE/ PERMISO DE CONDUCCION

DRENZODACONCEIGAO

ANALUIZA APARECIDA

VALIDA EM TODO 0 TERRITORIO NACIONAL",22,0,17,75,171,66,10,246,70,70,11,cnh_digital,CNH_frente,0,1,1,1,0,0,0,0,1,0,0,0,0,0,0,0,0,0,0,0
aug_imagem_12.jpg,"\VALIDA EM TODO 0 TERRITORIO NACIONAL

REPUBLICA FEDERATIVA DO B

RETARIA NACIONAL DE TR.
CCARTEIRA NACIONAL DE HABILITACAO / DRIVER LICENSE /PERMISO DE CONDUCCION

es Ce

(eae

21/04/1986, Vi

sis ranan0ss mae] D
109996399557 0

538749216-46

65720356870 DL

BRASILEIRO(A)

LUIZ HENRIQUE GUERRA

‘SRA.GABRIELA VIEIRA",44,0,60,46,11,17,75,171,66,10,246,cnh_digital,CNH_frente,0,1,1,1,0,0,0,0,1,0,0,0,0,0,0,0,0,0,0,0
aug_imagem_120.jpg,"\VALIDA EM TODO 0 TERRITORIO NACIONAL

REPUBLICA FEDERATIVA DO BRASIL

MINISTERIO DOS TRANSPORTE
SECRETARIA NACIONAL DE TRANSITO

CCARTEIRANACIONAL DE HABILITACAO/ DRIVER LICENSE  PERMISO DE CONDUCCION
Init ALMEIDA DAPRALA AM

eee)

r

OTTOMENDONGA

CCAROUNE LOPES",34,0,75,32,16,17,65,168,66,10,245,cnh_digital,CNH_frente,1,1,1,1,0,0,0,0,1,0,0,0,0,0,0,0,0,0,0,0
aug_imagem_121.jpg,"VALIDA EM TODO 0 TERRITORIO NACIONAL

CCARTEIRA NACIONAL DE HABILITACAO / DRIVER LICENSE /PERMISO DE CONDUCCION

SS SEE

18/09/1988, MACEDO DO NORTE, GO

JOSE MACEDO

‘MANUELA GARCIA",27,0,60,46,11,17,75,171,66,10,246,cnh_digital,CNH_frente,0,1,1,1,0,0,0,0,1,0,0,0,0,0,0,0,0,0,0,0
aug_imagem_122.jpg,"REPUBLICA FEDERATIVA DO BRASIL
MINISTERIO DOS TRANSPORTES.
SECRETARIA NACIONAL DE TRANS

CARTEIRANACIONAL DE HABILITACAO / DRIVER LICENSE/ PERMISO DECONDUCCION

(aseearcnan ae EF

ea (ena lea)
eo — ea

ARTHUR GABRIEL RODRIGUES

MARIA HELENA DA MOTA

\VALIDA EM TODO 0 TERRITORIO NACIONAL",41,0,63,9,244,18,65,164,60,32,16,cnh_digital,CNH_frente,0,1,1,1,0,0,0,0,1,0,0,0,1,0,0,0,0,0,0,0
aug_imagem_123.jpg,"PUBLICA FEDERATIVA DO

CCARTEIRA NACIONAL DE HABILITACAO / DRIVER LICENSE/ PERMISO DE CONDUCCION

SS EE

(tems (est —) am) D

PIETRODAMOTA

HADASSA FONSECA

VALIDA EM TODO O TERRITORIO NACIONAL",29,0,64,8,242,17,75,170,75,43,12,cnh_digital,CNH_frente,0,1,1,1,0,0,0,0,1,0,0,0,0,0,0,0,0,0,0,0
aug_imagem_124.jpg,"VALIDA EM TODO O TERRITORIO NACIONAL

CCARTEIRA NACIONAL DE HABILITACAO / DRIVER LICENSE /PERMISO DE CONDUCCION

(sees iii 7

(05/02/2007, FONSECA DE MINAS, ES

comvens—)(isnano0 | (a) D
ASTRO)

ISABELLA DA CONCEIGAO",32,0,66,10,246,60,46,11,17,75,171,cnh_digital,CNH_frente,0,1,1,1,0,0,0,0,1,0,0,0,0,0,0,0,0,0,0,0
aug_imagem_125.jpg,"REPUBLICA FEDERATIVA DO B

RETARIA NACIONAL DE TR.
CARTEIRA NACIONAL DE HABILITACAO / DRIVER LICENSE /PERMISO DE CONDUCCION

‘MAYADAMOTA,

VALIDA EM TODO 0 TERRITORIO NACIONAL",25,0,75,46,11,66,10,246,17,75,171,cnh_digital,CNH_frente,0,1,1,1,0,0,0,0,1,0,0,0,0,0,0,0,0,0,0,0
aug_imagem_126.jpg,"REPUBLICA FEDERATIVA DO BRASIL
MINISTERIO DOS TRANS PORTES
SECRETARIA NACIONAL DE TRANSITO

CCARTEIRANACIONAL DE HABILITAGAO / DRIVER LICENSE, PERMISO DE CONDUCCION

5

ence || (nena man] D

PAULODAS NEVES:

MANUELA FERNANDES

VALIDA EM TODO 0 TERRITORIO NACIONAL",37,0,75,36,14,66,10,245,17,70,168,cnh_digital,CNH_frente,1,1,1,0,0,0,0,0,1,0,0,0,0,0,0,0,0,0,0,0
aug_imagem_127.jpg,"PUBLICA FEDERATIVA DO

CCARTEIRA NACIONAL DE HABILITACAO / DRIVER LICENSE, PERMISO DE 5

(ine

Gas JES Fe 3

PEDROLUCAS DA MOTA,

LLUNNA VASCONCELOS

VALIDA EM TODO 0 TERRITORIO NACIONAL",29,0,17,75,171,60,46,11,66,10,246,cnh_digital,CNH_frente,0,1,1,1,0,0,0,0,1,0,0,0,0,0,0,0,0,0,0,0
aug_imagem_128.jpg,"CARTESRA NACIONAL DE HABILITAGAO / DRIVER LICENSE / PERSO DE CONDUCCION

 (oxornaeern ree

(Sse (aims lama) D

POCHMPO, Me

ed

98h MELEIA OAS",23,0,30,26,10,63,9,247,19,50,159,cnh_digital,CNH_frente,0,0,1,0,0,0,0,0,1,0,0,0,0,0,0,0,0,0,0,0
aug_imagem_129.jpg,"VALIDA EM TODO 0 TERRITORIO NACIONAL

CCARTEIRA NACIONAL DE HABILITACAO / DRIVER LICENSE /PERMISO DE CONDUCCION

SS SEE

(6/06/1962, DAS NEVES, PA

conven (rma (am) D
ASLO)

[ALEXANDRE DA ROSA

‘MARIA FLOR AZEVEDO",33,0,60,46,11,66,10,246,17,75,171,cnh_digital,CNH_frente,0,1,1,1,0,0,0,0,1,0,0,0,0,0,0,0,0,0,0,0
aug_imagem_13.jpg,"PUBLICA FEDERATIVA DO

CCARTEIRA NACIONAL DE HABILITACAO / DRIVER LICENSE/ PERMISO DECONDUCCION

ke

Geass JES Fe

(GUSTAVO HENRIQUE CAMARA

HELOISA REZENDE

VALIDA EM TODO 0 TERRITORIO NACIONAL",27,0,17,75,171,60,46,11,66,10,246,cnh_digital,CNH_frente,0,1,1,1,0,0,0,0,1,0,0,0,0,0,0,0,0,0,0,0
aug_imagem_130.jpg,"REPUBLICA FEDERATIVA DO B

CCARTEIRA NACIONAL DE HABILITACAO / DRIVER LICENSE / PERMISO DE CONDUCCION

27108/1990, NOVAS, PE

zine eon he)
PESBO0S%6SSP PE

619854203.38 1054910305 cn
BRASILEIRO)

JOROGABRIEL ALMEIDA

‘ANAJUUIA GOMES

\VALIDA EM TODO 0 TERRITORIO NACIONAL",37,0,67,10,239,60,32,8,17,80,166,cnh_digital,CNH_frente,0,1,1,1,0,0,0,0,1,0,0,0,0,0,0,0,0,0,0,0
aug_imagem_131.jpg,"VALIDA EM TODO 0 TERRITORIO NACIONAL

CCARTEIRA NACIONAL DE HABILITACAO / DRIVER LICENSE /PERMISO DE CONDUCCION

10/02/1967, OLVEIRA, PR

venom) (imnamms  ) (am) D
ASLO)

LUCCA MOREIRA

ALLANA PINTO",29,0,66,10,246,75,51,10,16,76,172,cnh_digital,CNH_frente,0,1,1,1,0,0,0,0,1,0,0,0,0,0,0,0,0,0,0,0
aug_imagem_132.jpg,"A:

\VALIDA EM ToDO 0 TERRITORIO NACIONAL

CARTEIRANACIONAL DEHABILITACAO / DRIVER LICENSE / PERMISO DECONDUCCION

‘ei

: MENDONGA DAS PEDRAS
ween) (sinvenss (a) D
TSMZOOISSPIS
asta)

DR VALBNTINDA COSTA

HADASSA PORTO",31,0,17,71,166,60,34,15,63,9,245,cnh_digital,CNH_frente,0,1,1,1,0,0,0,0,1,0,0,0,0,0,0,0,0,0,0,0
aug_imagem_133.jpg,"REPUBLICA FEDERATIVA DO BRASIL

MINISTERIO DOS TRANSPORTE
SECRETARIA NACIONAL DE TRA

CCARTEIRANACIONAL DE HABILITACAO /DRIVER LICENSE / PERMISO DE CONDUCCION

SSS SES TT

“

KEVINDA CONCEIGAO

[MARIA ALICE CARDOSO

VALIDA EM TODO 0 TERRITORIO NACIONAL",35,0,60,32,16,18,64,168,66,10,245,cnh_digital,CNH_frente,0,1,1,1,0,0,0,0,1,0,0,0,0,0,0,0,0,0,0,0
aug_imagem_134.jpg,"\VALIDA EM TODO 0 TERRITORIO NACIONAL

CARTEIRA NACIONAL DE HABILITACAO / DRIVER LICENSE /PERMISO DE CONDUCCION

eS

(04/09/1964, DIAS, PI

2eranoc4 rsn034 sh)
PrMCA 9 SPP

ewssiza7s53 _J(ssnonssae _)(on
BRASILEIRO)

MATEUS COSTELA

ALICIA PoRTO",34,0,67,10,230,60,32,8,17,77,160,cnh_digital,CNH_frente,0,1,1,1,0,0,0,0,1,0,0,0,0,0,0,0,0,0,0,0
aug_imagem_135.jpg,"PUBLICA FEDERATIVA DO

CCARTEIRA NACIONAL DE HABILITACAO / DRIVER LICENSE, PERMISO DE 5

(ai ei

DR.CAUB APARECIDA

‘VITORIA FARIA

VALIDA EM TODO 0 TERRITORIO NACIONAL",25,0,70,70,11,17,75,171,66,10,246,cnh_digital,CNH_frente,0,1,1,1,0,0,0,0,1,0,0,0,0,0,0,0,0,0,0,0
aug_imagem_136.jpg,"VALIDA EM TODO 0 TERRITORIO NACIONAL

CCARTEIRANACIONAL DE HABILITAGAO / DRIVER LICENSE/ PERMISO DE CONDUCCION

a)

r

2onona2

‘AC3942004855
95913872-12 61030153373 De

MATHEUS PIMENTA

‘AURORASA",25,0,18,65,166,63,10,245,60,30,17,cnh_digital,CNH_frente,0,1,1,0,0,0,0,0,1,0,0,0,0,0,0,0,0,0,0,0
aug_imagem_137.jpg,"PUBLICA FEDERATIVA DO

CCARTEIRA NACIONAL DE HABILITACAO / DRIVER LICENSE, PERMISO DE 5

Gee OES

20/986 ABREUDENOVAES.10
wos )(ounvens  ) (a) D
orm \(sunne fs
RASIROA)

VALIDA EM TODO 0 TERRITORIO NACIONAL",32,0,70,70,11,17,75,171,66,10,246,cnh_digital,CNH_frente,0,1,1,1,0,0,0,0,1,0,0,0,0,0,0,0,0,0,0,0
aug_imagem_138.jpg,"REPUBLICA FEDERATIVA DO BRASIL
TRANS PORTE
TONAL DE TRANSITO

CARTEIRANACIONAL DE HABILITACAO / DRIVER LICENSE PERMISO DE CONDUCCION

(seratowucas Pres [zs

a)

DR BRYANOUVEIRA

ANACAROLINA PIMENTA

VALIDA EM TODO 0 TERAITOMO MacIONAL",32,0,75,36,14,63,9,244,18,59,155,cnh_digital,CNH_frente,1,1,1,1,0,0,0,0,1,0,0,0,0,0,0,0,0,0,0,0
aug_imagem_139.jpg,"VALIDA EM TODO 0 TERRITORIO NACIONAL

CCARTEIRA NACIONAL DE HABILITACAO / DRIVER LICENSE/ PERMISO DE CONDUCCION

SS Ee

1208/1999, CALDEIRA, AL

no crores) (ama) D
AIOTBSD SSP AL

ssasorioase J (roisarseen J (01
BRASTROU)

SSRTA.ELOA ALVES.",36,0,17,75,171,75,51,10,66,10,246,cnh_digital,CNH_frente,0,1,1,1,0,0,0,0,1,0,0,0,0,0,0,0,0,0,0,0
aug_imagem_14.jpg,"VALIDA EM TODO 0 TERRITORIO NACIONAL

CCARTEIRA NACIONAL DE HABILITACAO / DRIVER LICENSE, PERMISO DE 5

(etches

(02/04/1971, MELODE PACHECO, DF

RAULCALDEIRA

SOPHIA GARCIA",24,0,66,10,246,60,46,11,17,75,171,cnh_digital,CNH_frente,0,1,1,1,0,0,0,0,1,0,0,0,0,0,0,0,0,0,0,0
aug_imagem_140.jpg,"VALIDA EM TODO O TERRITORIO NACIONAL

CCARTEIRA NACIONAL DE HABILITACAO / DRIVER LICENSE /PERMISO DE CONDUCCION

(oe (oc a)

o9n995 MACEDO st
ronan )(sanvaner (ma) D
ASLO)",27,0,67,9,246,17,71,175,70,36,21,cnh_digital,CNH_frente,0,1,1,1,0,0,0,0,1,0,0,0,0,0,0,0,0,0,0,0
aug_imagem_141.jpg,"BLICA FEDERATIVA DO BRASIL
RIO DOS TR

TE
ETARIA NACIONAL D

CARTEIRANACIONAL DE HABILITACAO/ DRIVER LICENSE / PERMISO DE' onoucciON

SARDOSO GRANDE, PB

= [eran D

PB62673172 SSP PB

203758. 964-65 99365025004 DIE
BRASILEIRO(A)

LUIZ PELIPE ALBUQUERQUE

(GABRIELLY CALDEIRA

VALIDA EM TODO 0 TERRITORIO NACIONAL",45,0,75,32,16,63,9,244,17,65,165,cnh_digital,CNH_frente,0,1,1,1,0,0,0,0,1,0,0,0,0,0,0,0,0,0,0,0
aug_imagem_142.jpg,"REPUBLICA FEDERATIVA DO BRASIL

CARTERRANACIONAL DE HABILITACAO / DRIVER LICENSE/ PERMISO DE CONDUCCION

(setstetans ese 5

CLARICE DA PAZ

VALIDA EM TODO 0 TERRITORIO NACIONAL",25,0,60,34,15,63,9,244,18,65,162,cnh_digital,CNH_frente,0,0,1,1,0,0,0,0,1,0,0,0,0,0,0,0,0,0,0,0
aug_imagem_143.jpg,"PUBLICA FEDERATIVA DO

CCARTEIRA NACIONAL DE HABILITACAO / DRIVER LICENSE, PERMISO DE 5

(Sine

woman) (towvems (mm) D

DR JOAQUIM TEXEIRA

‘MARINA DUARTE

VALIDA EM TODO 0 TERRITORIO NACIONAL",29,0,17,75,171,66,10,246,70,70,11,cnh_digital,CNH_frente,0,1,1,1,0,0,0,0,1,0,0,0,0,0,0,0,0,0,0,0
aug_imagem_144.jpg,"PUBLICA FEDERATIVA DO

CARTEIRA NACIONAL DE HABILITACAO / DRIVER LICENSE/ PERMISO DE CONDUCCION

= SS ES FT
aie ee

CAIOCUNHA

BLISADACRUZ

VALIDA EM TODO 0 TERRITORIO NACIONAL",27,0,17,74,176,70,55,14,67,9,250,cnh_digital,CNH_frente,0,1,1,1,0,0,0,0,1,0,0,0,0,0,0,0,0,0,0,0
aug_imagem_145.jpg,"PUBLICA FEDERATIVA DO

CARTEIRA NACIONAL DE HABILITACAO / DRIVER LICENSE/ PERMISO DE CONDUCCION

(a (|
a

‘THOMAS DAROCHA

[ANA BEATRIZ.CASSIANO

VALIDA EM TODO 0 TERRITORIO NACIONAL",26,0,17,75,171,60,46,11,66,10,246,cnh_digital,CNH_frente,0,1,1,1,0,0,0,0,1,0,0,0,0,0,0,0,0,0,0,0
aug_imagem_146.jpg,"VALIDA EM TODO 0 TERRITORIO NACIONAL

CCARTEIRA NACIONAL DE

(anc

HABILITACAO / DRIVER LICENSE /PERMISO DE CONDUCCION

19/992 BORGES.MA
osmsroct ten02s sh)
MADGESS05 SP MA
az) ererss21 Dt
BRASIERO(A)

FERNANDODAS NEVES

ANA VITORIA BARBOSA",34,0,17,75,171,66,10,246,60,46,11,cnh_digital,CNH_frente,0,1,1,1,0,0,0,0,1,0,0,0,0,0,0,0,0,0,0,0
aug_imagem_147.jpg,"VALIDA EM TODO 0 TERRITORIO NACIONAL

CARTEIRA NACIONAL DE HABILITACAO / DRIVER LICENSE /PERMISO DE CONDUCCION

27097194, CARDOSO DE ARAGKO, A
rensn0zs vase mae] D
AUSITSS AL

827390165-30

15450076893 Acc

BRASILEIRO(A)

ory
IWAN ABREU

‘ZOE NOVAES",36,0,75,32,16,17,72,177,63,9,251,cnh_digital,CNH_frente,0,1,1,1,0,0,0,0,1,0,0,0,0,0,0,0,0,0,0,0
aug_imagem_148.jpg,"FEDERATIVA DO

STERIO DC spo
ETARIA N L DETR.

‘CARTEIRA NACIONAL DE HABILITACAO / DRIVER LICENSE/ PERMISO: ae ea
a | om = Feo

nap91501 88° Pt
S21.075648-76 95116069672 A

VALIDA EM TODO 0 TERRITORIO NACIONAL",36,0,63,9,244,17,67,164,75,34,15,cnh_digital,CNH_frente,0,1,1,1,0,0,0,0,1,0,0,0,0,0,0,0,0,0,0,0
aug_imagem_149.jpg,"VALOR £98 1000 0 TERRrTORO maciome

CCARTEIRA NACIONAL DE RABIUTACAO / DRIVER UICENSE/ PERMISO DE CON fils

(Nesom",18,0,19,48,159,63,9,244,60,20,13,cnh_digital,CNH_frente,0,1,1,0,0,0,0,0,0,0,0,0,0,0,0,0,0,0,0,0
aug_imagem_15.jpg,"REPUBLICA FEDERATIVA DO BRASIL

MINISTERIO DOS TRANSPORTES
SECRETARIA NACIONAL DE TRANSITO

CARTERAACTONAL DEABIUTACHO/ DRIVERLCENSE PERMISO DECONDUCCION

a
180369745-84 naoni49229 DI
BRASILEIRO(A)

PAULO MONTENEGRO

[ANA JOA CASA GRANDE

\VALIDA EM TODO 0 TERRITORIO NACIONAL",33,0,60,22,23,63,9,246,18,61,167,cnh_digital,CNH_frente,1,0,1,0,0,0,0,0,0,0,0,0,1,0,0,0,0,0,0,0
aug_imagem_150.jpg,"PUBLICA FEDERATIVA DO

CCARTEIRA NACIONAL DE HABILITACAO / DRIVER LICENSE, PERMISO DE 5

(sisi i

tsnen0zt csnsnees ) (mma) D
MGSSIOSES SSP MC
ssussznss Jessi Jon
BRASTROUA)

St PEDRO MIGUELBARBOSA

‘MARIA CECILIASOUZA

VALIDA EM TODO 0 TERRITORIO NACIONAL",38,0,60,46,11,17,75,171,66,10,246,cnh_digital,CNH_frente,0,1,1,1,0,0,0,0,1,0,0,0,0,0,0,0,0,0,0,0
aug_imagem_151.jpg,"CARTEIRA NACIONAL DE HABILITACAO / DRIVER LICENSE/ PERMISO DECONDUCCION

(ler roach ——— —] (verozoes 7)

945216581

ASAPE ARAGAO

SOPHIE CAMARGO",20,0,60,11,23,17,63,175,30,2,251,cnh_digital,CNH_frente,0,1,1,1,0,0,0,0,1,0,0,0,0,0,0,0,0,0,0,0
aug_imagem_152.jpg,"VALIDA EM TODO 0 TERRITORIO NACIONAL

CCARTEIRA NACIONAL DE HABILITACAO / DRIVER LICENSE /PERMISO DE CONDUCCION

ek. rE

0/01/1991, SOUSA, CE

DR-THIAGO VIEIRA

DRA. VITORIA CAMPOS:",26,0,17,75,171,66,10,246,70,70,11,cnh_digital,CNH_frente,0,1,1,1,0,0,0,0,1,0,0,0,0,0,0,0,0,0,0,0
aug_imagem_153.jpg,"REPUBLICA FEDERATIVA DO B

RETARIA NACIONAL DE TR.
CCARTEIRA NACIONAL DE HABILITACAO / DRIVER LICENSE /PERMISO DE CONDUCCION

Ceo ee 5
acne eee

‘MARCELADAMATA

VALIDA EM TODO 0 TERRITORIO NACIONAL",30,0,75,46,11,17,75,171,67,9,245,cnh_digital,CNH_frente,0,1,1,1,0,0,0,0,1,0,0,0,0,0,0,0,0,0,0,0
aug_imagem_154.jpg,"VALIDA EM TODO 0 TERRITORIO NACIONAL

CCARTEIRA NACIONAL DE HABILITACAO / DRIVER LICENSE /PERMISO DE CONDUCCION

GES

es |

02/10/1982, FARIAS, ES

tBnon0z cone) (mma) D
Espss6t8 PES

137948.206-22

65545571608 e

BRASILEIRO(A)

ENZO GABRIEL ARAGKO

[EVELYNSILVEIRA",36,0,17,72,178,67,9,251,75,28,18,cnh_digital,CNH_frente,0,1,1,1,0,0,0,0,1,0,0,0,0,0,0,0,0,0,0,0
aug_imagem_155.jpg,"VALIDA EM TODO 0 TERRITORIO NACIONAL

CCARTEIRA NACIONAL DE HABILITACAO / DRIVER LICENSE /PERMISO DE CONDUCCION

24/09/1978, DA CUNHA, MS,

ama )(zoenc0 | (mm) D
ASO)

BENJAMINDA ROSA

[MELISSA CAMPOS",30,0,70,70,11,17,75,171,66,10,246,cnh_digital,CNH_frente,0,1,1,1,0,0,0,0,1,0,0,0,0,0,0,0,0,0,0,0
aug_imagem_156.jpg,"REPUBLICA FEDERATIVA DO BRASIL

eh DE HABILITACAO / DRIVER LICENSE/ PERMISO DECONDUCCION
= a sue |(~ D
ae aa au

WIZ FELIPELOPES

MANUELA ARAGAO.

VALIDA EM TODO O TERRITORIO NACIONAL",30,0,17,69,169,60,43,12,63,9,245,cnh_digital,CNH_frente,0,0,1,1,0,0,0,0,1,0,0,0,0,0,0,0,0,0,0,0
aug_imagem_157.jpg,"VALIDA EM TODO 0 TERRITORIO NACIONAL

CCARTEIRA NACIONAL DE HABILITACAO / DRIVER LICENSE /PERMISO DE CONDUCCION

(iokrrstca” —SSSS™S~S~CS@i ttn”)

21/03/2007,

nen 2572030 Nh)
RNG2696217 SP RN

59802137677 36125495703 a
BRASILEIRO)

SR JOKOFELIPE SIQUEIRA

ANALUIZA FARIAS",35,0,63,9,242,17,72,170,60,32,16,cnh_digital,CNH_frente,0,1,1,1,0,0,0,0,1,0,0,0,0,0,0,0,0,0,0,0
aug_imagem_158.jpg,"PUBLICA FEDERATIVA DO B

RNACIONAL DE TRANSITO
CARTEIRANACIONAL DE HABILITACAO / DRIVER LICENSE  PERMISO DE CONDUCCION
(liniewcavatensn —SSS™S~«*@éiCS tomoor”
Znn/954SALIS DOGALN.ES I
” coma )(2o0n00  ) (mmm) D

‘YASMINSAMPAIO

VALIDA EM TODO 0 TERRITORIO NACIONAL",35,0,17,74,152,60,8,226,60,23,11,cnh_digital,CNH_frente,1,1,1,1,0,0,0,0,1,0,0,0,0,0,0,0,0,0,0,0
aug_imagem_159.jpg,"\VALIDA EM TODO O TERRITORIO NACIONAL

CCARTEIRANACIONAL DE HABILITAGAO / DRIVER LICENSE/ PERMISO DE CONDUCCION

fees 7

583941.260-06 34521189659 De
BRASILEIRO(A)

THEOLEAO

MARIA JOLLA SAMPAIO",25,0,66,10,245,75,32,16,18,64,168,cnh_digital,CNH_frente,0,1,1,0,0,0,0,0,1,0,0,0,0,0,0,0,0,0,0,0
aug_imagem_16.jpg,"\VALIDA EM TODO 0 TERRITORIO NACIONAL

CARTEIRA NACIONAL DE HABILITACAO / DRIVER LICENSE /PERMISO DE CONDUCCION

(timacectincoms —SSS~S~S~«*@iC aoe)

15/04/1956, NOVAES, CE

uot n00

LARA DIAS",26,0,17,75,171,75,46,11,66,10,246,cnh_digital,CNH_frente,0,1,1,1,0,0,0,0,1,0,0,0,0,0,0,0,0,0,0,0
aug_imagem_160.jpg,"REPUBLICA FEDERATIVA DO BRASIL
MINISTERIO DOS TRANSPORTES
SECRETARIA NACIONAL DE TRANSITO

CARTEIRA NACIONAL DE: HABILITACAO / DRIVER LICENSE/ PERMISO DE CONDUCCION
oe
as

ANTHONY GABRIEL.CAMPOS

CATARINA SAMPAIO

VALIDA EM TODO O TERRITORIO NACIONAL",33,0,60,11,23,60,5,251,17,63,174,cnh_digital,CNH_frente,1,1,1,1,0,0,0,1,1,0,0,0,1,0,0,0,0,0,0,0
aug_imagem_161.jpg,"PUBLICA FEDERATIVA DO

CCARTEIRA NACIONAL DE HABILITACAO / DRIVER LICENSE/ PERMISO DE CONDUCCION

eS SES TF

16/03/1974, COSTELA, AM

va2s oz035 mae] D
Ans330T 8 Aa
asspion _J(saisec7 [ace
BRASTROUN)

TAPAELMELO

-MARIANE PACHECO

VALIDA EM TODO 0 TERRITORIO NACIONAL",39,0,67,9,250,75,57,9,17,79,175,cnh_digital,CNH_frente,0,1,1,1,0,0,0,0,1,0,0,0,0,0,0,0,0,0,0,0
aug_imagem_162.jpg,"PUBLICA FEDERATIVA DO

CCARTEIRA NACIONAL DE HABILITACAO / DRIVER LICENSE, PERMISO DE 5

Ge

11/93/1991, DUARTE ALEGRE, BA

arms )(ecean00 | (a) D
(cisaree  |fowsms — d(ce
ASLO)

JOKO MIGUEL REZENDE

‘SRA. NICOLE ANDRADE,

VALIDA EM TODO 0 TERRITORIO NACIONAL",40,0,70,70,11,66,10,246,17,75,171,cnh_digital,CNH_frente,0,1,1,1,0,0,0,0,1,0,0,0,0,0,0,0,0,0,0,0
aug_imagem_163.jpg,"\VALIDA EM TODO 0 TERRITORIO NACIONAL

CARTEIRA NACIONAL DE HABILITACAO / DRIVER LICENSE /PERMISO DE CONDUCCION

05/08/2004, DA CUNHA, RN

BEATRIZOLIVEIRA",21,0,17,75,171,75,46,11,66,10,246,cnh_digital,CNH_frente,0,1,1,1,0,0,0,0,1,0,0,0,0,0,0,0,0,0,0,0
aug_imagem_164.jpg,"\VALIDA EM TODO 0 TERRITORIO NACIONAL

CARTEIRA NACIONAL DE HABILITACAO / DRIVER LICENSE/ PERMISO DECONDUCCION

30/07/1980, MOREIRA, SC

VINICIUS UMA

HELLENA RAMOS",22,0,72,5,253,60,12,22,17,72,185,cnh_digital,CNH_frente,0,1,1,1,0,0,0,0,1,0,0,0,0,0,0,0,0,0,0,0
aug_imagem_165.jpg,"VALIDA EM TODO 0 TERRITORIO NACIONAL

PUBLICA FEDERATIVA DO

CCARTEIRA NACIONAL DE HABILITACAO / DRIVER LICENSE, PERMISO DE 5

i

ecce

24/04/1993, SANTOS, DF

coms rms =e] D
DeSa0554 3° DF

641.085972-49

31522892488 acc

BRASILEIRO(A)

DAVIMIGUELCASTRO

-MAYSA RODRIGUES",38,0,64,8,252,75,30,17,17,71,179,cnh_digital,CNH_frente,0,1,1,1,0,0,0,0,1,0,0,0,0,0,0,0,0,0,0,0
aug_imagem_166.jpg,"PUBLICA FEDERATIVA DO

CCARTEIRA NACIONAL DE HABILITACAO / DRIVER LICENSE/ PERMISO DECONDUCCION

SS SE

evo 177030 sh)
‘re296894088P DF
70913548693 sears DI
BRASILEIRO)

RLU FELPELIMA

ANACLARA ABREU

VALIDA EM TODO O TERRITORIO NACIONAL",33,0,17,78,167,63,10,240,75,57,9,cnh_digital,CNH_frente,0,1,1,1,0,0,0,0,1,0,0,0,0,0,0,0,0,0,0,0
aug_imagem_167.jpg,"PUBLICA FEDERATIVA DO

CCARTEIRA NACIONAL DE HABILITACAO / DRIVER LICENSE, PERMISO DE 5

Es SES

20/04/1978, DA LUZDOGALHO,RO

SRTHOMAS LEAO

OUVIAFARIAS

VALIDA EM TODO 0 TERRITORIO NACIONAL",27,0,66,10,246,70,70,11,17,75,171,cnh_digital,CNH_frente,0,1,1,1,0,0,0,0,1,0,0,0,0,0,0,0,0,0,0,0
aug_imagem_168.jpg,"\VALIDA EM TODO 0 TERRITORIO NACIONAL

CARTEIRA NACIONAL DE HABILITACAO / DRIVER LICENSE /PERMISO DE CONDUCCION

EF

31/05/1967, RODRIGUES DA SERRA, GO

221 oms031 =n] D
Govsareso ss. GO
ssunconan _J(esseinrsio _ )[ace
BRASILEIRO)

CAEL ENRIQUE FOGAGA

(MARIA LIZFOGAGA,",39,0,60,36,14,16,74,176,67,9,250,cnh_digital,CNH_frente,0,1,1,1,0,0,0,0,1,0,0,0,0,0,0,0,0,0,0,0
aug_imagem_169.jpg,"\VALIDA EM TODO 0 TERRITORIO NACIONAL

CARTEIRA NACIONAL DE HABILITACAO / DRIVER LICENSE /PERMISO DE CONDUCCION

31/08/1977, VASCONCELOS PAULISTA, ES

osc2 cavesnos0 —_ ) (ms) D
ES0511907 SPS
raszeses6 __J(srisssiv1 J [oie
BRASILEIRO)

UTTER CARVALHO

ANA CAROLINA GONGALVES.",38,0,67,10,235,17,81,163,60,32,8,cnh_digital,CNH_frente,0,1,1,1,0,0,0,0,1,0,0,0,0,0,0,0,0,0,0,0
aug_imagem_17.jpg,"PUBLICA FEDERATIVA DO

CCARTEIRA NACIONAL DE HABILITACAO / DRIVER LICENSE, PERMISO DE 5

Rapa

-RAULANDRADE,

[MELISSA BORGES

VALIDA EM TODO O TERRITORIO NACIONAL",23,0,60,46,11,17,75,171,66,10,246,cnh_digital,CNH_frente,0,1,1,1,0,0,0,0,1,0,0,0,0,0,0,0,0,0,0,0
aug_imagem_170.jpg,"\VALIDA EM TODO 0 TERRITORIO NACIONAL

CARTEIRA NACIONAL DE HABILITACAO / DRIVER LICENSE /PERMISO DE CONDUCCION",16,0,75,46,11,66,10,246,17,75,171,cnh_digital,CNH_frente,0,1,1,1,0,0,0,0,1,0,0,0,0,0,0,0,0,0,0,0
aug_imagem_171.jpg,"\VALIDA EM TODO 0 TERRITORIO NACIONAL

CCARTEIRA NACIONAL DE HABILITACAO / DRIVER LICENSE /PERMISO DE CONDUCCION

27108/19, DIAS, ES

esvtona3 7097030 mae] D
Hse939901 SSP ES

se109730478 11061265635 De
BRASILEIRO)

DIEGO ARAGAO

SOFIA DA LUZ",35,0,66,11,238,16,79,165,60,32,8,cnh_digital,CNH_frente,0,1,1,1,0,0,0,0,1,0,0,0,0,0,0,0,0,0,0,0
aug_imagem_172.jpg,"PUBLICA FEDERATIVA DO

CCARTEIRA NACIONAL DE HABILITACAO / DRIVER LICENSE/ PERMISO DE 5

05/04/1989, PORTO DO NORTE, AP

canoe (ernie) (Sm) D
suns \(rascans — )(oe
ASTRO)

BENJAMIM BORGES

-EMANUELLY LEAO

\VALIDA EM TODO 0 TERRITORIO NACIONAL",37,0,17,75,171,66,10,246,60,46,11,cnh_digital,CNH_frente,0,1,1,1,0,0,0,0,1,0,0,0,0,0,0,0,0,0,0,0
aug_imagem_173.jpg,"VALIDA EM TODO 0 TERRITORIO NACIONAL

CCARTEIRA NACIONAL DE HABILITACAO / DRIVER LICENSE /PERMISO DE CONDUCCION

(04/05/1988, CAMARGO, PA",19,0,60,46,11,66,10,246,17,75,171,cnh_digital,CNH_frente,0,1,1,1,0,0,0,0,1,0,0,0,0,0,0,0,0,0,0,0
aug_imagem_174.jpg,"PUBLICA FEDERATIVA DO

CCARTEIRA NACIONAL DE HABILITACAO / DRIVER LICENSE/ PERMISO DE CONDUCCION

ES SE
os

LWWIZOTAVIOCASSIANO

‘CAROLINE LOPES

VALIDA EM TODO 0 TERRITORIO NACIONAL",25,0,17,75,171,60,46,11,66,10,246,cnh_digital,CNH_frente,0,1,1,1,0,0,0,0,1,0,0,0,0,0,0,0,0,0,0,0
aug_imagem_175.jpg,"VALIDA EM TODO O TERRITORIO NACIONAL

CCARTEIRA NACIONAL DE HABILITACAO / DRIVER LICENSE /PERMISO DE CONDUCCION

25/04/1961, ARAUO, PB

(GAEL HENRIQUE NOVAS.

LAVINIA MENDONGA",24,0,66,10,246,60,46,11,17,75,171,cnh_digital,CNH_frente,0,1,1,1,0,0,0,0,1,0,0,0,0,0,0,0,0,0,0,0
aug_imagem_176.jpg,"CCARTEIRA| fee DEHABILITACAO / DRIVER LICENSE/ PERMISO DE CONDUCCION

RYAN a 7}

SRA. VALENTINA NOGUEIRA

VALIDA EM TODO 0 TERRITORIO NACIONAL",21,0,60,17,15,18,66,163,63,9,244,cnh_digital,CNH_frente,0,1,1,1,0,0,0,0,1,0,0,0,0,0,0,0,0,0,0,0
aug_imagem_177.jpg,"CCARTEIRANACIONAL DE HABILITAGAO / DRIVER LICENSE, PERMISO DE CONDUCCION

2e/o7992, CARDOSO DE APARECIDA SC
twnrrnaa e303 sh)
Scoszzms13 PSC
35208147-50 9960380833 DIE
BRASILEIRO)

VALIDA EM TODO 0 TERRITORIO NACIONAL",29,0,75,57,9,17,79,165,63,10,239,cnh_digital,CNH_frente,0,1,1,0,0,0,0,0,1,0,0,0,0,0,0,0,0,0,0,0
aug_imagem_178.jpg,"REPUBLICA FEDERATIVA DO BRASIL
MINISTERIO DOS TRANS PORTES
SECRETARIA NACIONAL DE TRANSITO

CARTEIRANACIONAL DEHABILITACAO / DRIVER LICENSE PERMISO DE CONDUCCION
~ inosaat——)(ounaao (mms) D

SRA. NINA MELO

\VALIDA EM TODO 0 TERRITORIO NACIONAL",33,0,63,11,240,17,73,164,60,43,12,cnh_digital,CNH_frente,1,1,1,1,0,0,0,0,1,0,0,0,0,0,0,0,0,0,0,0
aug_imagem_179.jpg,"VALIDA EM TODO 0 TERRITORIO NACIONAL

CCARTEIRA NACIONAL DE HABILITACAO / DRIVER LICENSE, PERMISO DE 5

(ieiShainans————_*dit

(03/071966,DA CUNHA GRANDE, AC

sinaroct vances) (ma) D
ACSCOTEE SSP KE

sismnei _J(semizen0 Je
BRASUEIRO(A)

HENRY GABRIEL CAMPOS

CAROLINA CAVALCANTI",37,0,60,46,11,66,10,246,17,75,171,cnh_digital,CNH_frente,0,1,1,1,0,0,0,0,1,0,0,0,0,0,0,0,0,0,0,0
aug_imagem_18.jpg,"VALIDA EM TODO 0 TERRITORIO NACIONAL

CCARTEIRA NACIONAL DE HABILITACAO / DRIVER LICENSE, PERMISO DE 5

(eben

24/03/1981, ABREU DO CAMPO. MG.

penne aie 031 mae] D
MaSTESS2 SSP MC

seowsrasn —_)(ssseeo —_)[ace
BRASIEIRO(A)

DR VINICIUS GONGALVES

‘ESTHER MARTINS",39,0,60,46,11,66,10,246,17,75,171,cnh_digital,CNH_frente,0,1,1,1,0,0,0,0,1,0,0,0,0,0,0,0,0,0,0,0
aug_imagem_180.jpg,"VALIDA EM TODO 0 TERRITORIO NACIONAL

CCARTEIRA NACIONAL DE HABILITACAO / DRIVER LICENSE PERMISO DE CONDUCCION
(ote ee moe j

20/0/1979, CAMPOS GRANDE, MA

1)
misses __)(orsuan (0.

rrr
YOKOPEREIRA

DRA. LUISA GUERRA",33,0,17,65,169,66,10,245,60,32,16,cnh_digital,CNH_frente,0,1,1,1,0,0,0,0,1,0,0,0,0,0,0,0,0,0,0,0
aug_imagem_181.jpg,"\VALIDA EM TODO 0 TERRITORIO NACIONAL

REPUBLICA FEDERATIVA DO BRASIL

MINISTERIO DOS TRANSPORTES
SECRETARIA NACIONAL DE TRANSITO

CARTEIRA NACIONAL DE HABILITACAO / DRIVER LICENSE / PERMISO DE CONDUCCION

a)

RRS97
076342591-52 57379240531 acc
BRASILEIRO(A)

DR BENIAMINDA MATA

SSRTA. MARIA CECILIA DA MATA",42,0,17,65,169,60,8,247,60,24,21,cnh_digital,CNH_frente,1,1,1,1,0,0,0,0,1,0,0,0,1,0,0,0,0,0,0,0
aug_imagem_182.jpg,"PUBLICA FEDERATIVA DO

CCARTEIRA NACIONAL DE HABILITACAO / DRIVER LICENSE, PERMISO DE 5

domes PIMENTA DOOESTE. DF
vanes) (asmamns ) (am) D
ASTRO)

VALIDA EM TODO 0 TERRITORIO NACIONAL",29,0,70,70,11,66,10,246,17,75,171,cnh_digital,CNH_frente,0,1,1,1,0,0,0,0,1,0,0,0,0,0,0,0,0,0,0,0
aug_imagem_183.jpg,"(sn = fae) D

MGH5052171 88° MG

BENTO BORGES

SRTA. YASMIN CUNHA

VALIDA EM TODO 0 TERRITORIO NACIONAL",18,0,17,64,171,60,12,22,64,7,251,cnh_digital,CNH_frente,0,0,0,0,0,0,0,0,0,0,0,0,0,0,0,0,0,0,0,0
aug_imagem_184.jpg,"\VALIDA EM TODO O TERRITORIO NACIONAL

REPUBLICA FEDERATIVA DO B

RETARIA NACIONAL DE TR.
CCARTEIRA NACIONAL DE HABILITACAO / DRIVER LICENSE /PERMISO DE CONDUCCION

eS Ct

(ayn crag

19n0/980, PASTOR CE
2asoanns e304030 maa] D
Geeereotes sr ce

172893560-12

S7a13077471 D

BRASILEIRO(A)

ory
RAELCIRINO

‘WISA SILVEIRA,",46,0,17,81,170,63,9,245,60,32,8,cnh_digital,CNH_frente,0,1,1,1,0,0,0,0,1,0,0,0,0,0,0,0,0,0,0,0
aug_imagem_185.jpg,"VALIDA EM TODO 0 TERRITORIO NACIONAL

CCARTEIRA NACIONAL DE HABILITACAO / DRIVER LICENSE /PERMISO DE CONDUCCION

eS OE OF

19/09/1963, FONSECA. MS,

FERNANDO PACHECO

{SIs ANDRADE,",26,0,66,10,246,17,75,171,70,70,11,cnh_digital,CNH_frente,0,1,1,1,0,0,0,0,1,0,0,0,0,0,0,0,0,0,0,0
aug_imagem_186.jpg,"VALIDA EM TODO O TERAITORIO NACIONAL

REPUBLICA FEDERATIVA DO BRASIL

MINISTERIO DOS TRANSPORTES

CARTEIRANACIONAL DE HABILITACAO/ DRIVER LICENSE PERMISO DE CONDUCCION

1171979,
fy 30/06/2025 2390572032 ae | D

RS6H257427 SSP RS

837520561-86 a qi BE
BRASILEIROYA)

ARTHUR ARAGAO

ISABELLA NUNES",40,0,17,69,162,60,18,14,67,10,241,cnh_digital,CNH_frente,0,1,1,1,0,0,0,0,1,0,0,0,1,0,0,0,0,0,0,0
aug_imagem_187.jpg,"PUBLICA FEDERATIVA DO

CCARTEIRA NACIONAL DE HABILITACAO / DRIVER LICENSE PERMISO DE CONDUCCION

ory

\VALIDA EM TODO 0 TERRITORIO NACIONAL",20,0,17,75,171,66,10,246,60,46,11,cnh_digital,CNH_frente,0,1,1,1,0,0,0,0,1,0,0,0,0,0,0,0,0,0,0,0
aug_imagem_188.jpg,"PUBLICA FEDERATIVA DO

CCARTEIRA NACIONAL DE HABILITACAO / DRIVER LICENSE/ PERMISO DE CONDUCCION

ES Ee

(CALEBE CASA GRANDE

HELLENASILVA

VALIDA EM TODO 0 TERRITORIO NACIONAL",25,0,17,75,171,66,10,246,70,70,11,cnh_digital,CNH_frente,0,1,1,1,0,0,0,0,1,0,0,0,0,0,0,0,0,0,0,0
aug_imagem_189.jpg,"PUBLICA FEDERATIVA DO

CCARTEIRA NACIONAL DE HABILITACAO / DRIVER LICENSE, PERMISO DE 5

GEE, SOS
pane

IGORCUNHA

(CAROLINE DA ROCHA

VALIDA EM TODO 0 TERRITORIO NACIONAL",26,0,70,70,11,66,10,246,17,75,171,cnh_digital,CNH_frente,0,1,1,1,0,0,0,0,1,0,0,0,0,0,0,0,0,0,0,0
aug_imagem_19.jpg,"PUBLICA FEDERATIVA DO

CCARTEIRA NACIONAL DE HABILITACAO / DRIVER LICENSE/ PERMISO DE CONDUCCION
PEASSIOMISSPPE

SSRTA. MAYA RAMOS

VALIDA EM TODO 0 TERRITORIO NACIONAL",23,0,60,46,11,17,75,171,66,10,246,cnh_digital,CNH_frente,0,1,1,1,0,0,0,0,1,0,0,0,0,0,0,0,0,0,0,0
aug_imagem_190.jpg,"PUBLICA FEDERATIVA DO

CCARTEIRA NACIONAL DE HABILITACAO / DRIVER LICENSE/ PERMISO DECONDUCCION

(eS nn Cg

IGOR FERNANDES

SSRTA. OLIVIA GUERRA

VALIDA EM TODO 0 TERRITORIO NACIONAL",26,0,17,72,183,68,4,252,60,14,18,cnh_digital,CNH_frente,0,1,1,1,0,0,0,0,1,0,0,0,0,0,0,0,0,0,0,0
aug_imagem_191.jpg,"\VALIDA EM TODO 0 TERRITORIO NACIONAL

a)

023946785-00 (65507723439 A
BRASILEIRO(A)

DOM FERREIRA

MARCELA TEIXEIRA",15,0,60,18,14,64,9,237,17,68,161,cnh_digital,CNH_frente,0,0,0,0,0,0,0,0,0,0,0,0,0,0,0,0,0,0,0,0
aug_imagem_192.jpg,"PUBLICA FEDERATIVA DO

CCARTEIRA NACIONAL DE HABILITACAO / DRIVER LICENSE, PERMISO DE 5

r/oa200, RODRIGUES DOSUL,CE
zaman areas sh)
Ceser0ses ssc
er0930i552 67464850 Acc
BRASILEIRO)

\VALIDA EM TODO 0 TERRITORIO NACIONAL",31,0,66,10,246,75,46,11,17,75,171,cnh_digital,CNH_frente,0,1,1,1,0,0,0,0,1,0,0,0,0,0,0,0,0,0,0,0
aug_imagem_193.jpg,"VALIDA EM TODO 0 TERRITORIO NACIONAL

CCARTEIRA NACIONAL DE HABILITACAO / DRIVER LICENSE /PERMISO DE CONDUCCION

= EE",18,0,66,10,246,17,75,171,70,70,11,cnh_digital,CNH_frente,0,1,1,1,0,0,0,0,1,0,0,0,0,0,0,0,0,0,0,0
aug_imagem_194.jpg,"VALIDA EM TODO O TERRITORIO NACIONAL

REPOBLICA FEDERATIVA DO BRASIL

CIONAL DE TRANSITO

CCARTEIRANACIONAL DE HABILITAGAO / DRIVER LICENSE/ PERMISO DE CONDUCCION

(ete

(tamonone 7)

‘MARCELO MOREIRA

EMILLYDA ROCHA

208417593-32 69451394220 cl
BRASILEIRO(A)",33,0,17,66,163,60,34,15,63,10,239,cnh_digital,CNH_frente,1,1,1,0,0,0,0,0,1,0,0,0,0,0,0,0,0,0,0,0
aug_imagem_195.jpg,"REPUBLICA FEDERATIVA DO BRASIL

TERIO DOS TRANS PORTE
SECRETARIA NACIONAL DE TRANSITO

CARTERANMCTONALDE HABILITAGAO / DRIVER LICENSE, PERMISO DEcoNDUCCION

ae | D
uaas3a0 8° FE

RAULVARGAS

CECILIA PIRES

VALIDA EM TODO 0 TERAITORIO NACIONAL",34,0,18,67,167,66,10,245,60,34,15,cnh_digital,CNH_frente,1,0,1,0,0,0,0,0,1,0,0,0,0,0,0,0,0,0,0,0
aug_imagem_196.jpg,"CARTEIRA NACIONAL DE HABILITACAO / DRIVER LICENSE / PERMISO DE‘ seat

MELINA BORGES

VALIDA EM TODO 0 TERRITORIO MACIONAL",19,0,66,10,245,17,68,168,60,30,17,cnh_digital,CNH_frente,0,1,1,1,0,0,0,0,1,0,0,0,0,0,0,0,0,0,0,0
aug_imagem_197.jpg,"PUBLICA FEDERATIVA DO

CCARTEIRA NACIONAL DE HABILITACAO / DRIVER LICENSE, PERMISO DE 5

15/06/1988, BORGES DE FARIAS, MT

SRJOSUE CALDEIRA

[MARIA LIZ BORGES

VALIDA EM TODO 0 TERRITORIO NACIONAL",29,0,70,70,11,17,75,171,66,10,246,cnh_digital,CNH_frente,0,1,1,1,0,0,0,0,1,0,0,0,0,0,0,0,0,0,0,0
aug_imagem_198.jpg,"VALIDA EM TODO 0 TERRITORIO NACIONAL

CCARTEIRA NACIONAL DE HABILITACAO / DRIVER LICENSE /PERMISO DE CONDUCCION

(04/04/1975, RIBEIRO DE CIRINO, ES

es Jes Feo

‘WUIZ MIGUEL REZENDE.

‘SARAH NUNES",29,0,70,70,11,17,75,171,66,10,246,cnh_digital,CNH_frente,0,1,1,1,0,0,0,0,1,0,0,0,0,0,0,0,0,0,0,0
aug_imagem_199.jpg,"PUBLICA FEDERATIVA DO

CCARTEIRA NACIONAL DE HABILITACAO / DRIVER LICENSE/ PERMISO DECONDUCCION

Se SS

amc vanane  ) (ema) D
Sess PSP

russes _J(rswmie _)(ce
BRASILEIRO)

LUIGLEREITAS

OUVIA BORGES

\VALIDA EM TODO 0 TERRITORIO NACIONAL",34,0,17,71,180,64,8,252,75,26,20,cnh_digital,CNH_frente,0,1,1,1,0,0,0,0,1,0,0,0,0,0,0,0,0,0,0,0
aug_imagem_2.jpg,"PUBLICA FEDERATIVA DO

CCARTEIRA NACIONAL DE HABILITACAO / DRIVER LICENSE, PERMISO DE 5

nvm "")(vrescoe (Sm) D

DR.RENANDA ROSA

DRA. CAROLINE RAMOS

VALIDA EM TODO 0 TERRITORIO NACIONAL",28,0,17,75,171,70,70,11,66,10,246,cnh_digital,CNH_frente,0,1,1,1,0,0,0,0,1,0,0,0,0,0,0,0,0,0,0,0
aug_imagem_20.jpg,"\VALIDA EM TODO 0 TERRITORIO NACIONAL

REPUBLICA FEDERATIVA DO BRASIL
TERIO DOS TRANSPORTES.

CARTEIRA NACIONAL DE HABILITACAO / DRIVER LICENSE / PERMISO DE CONDUCCION

fiaveantn eee ee 7

inva oan D
SSeS SSP

Ex araoti464is aL
E

ENZOGABRIEL ROCHA

ANALIZCAVALCANTE,",40,0,60,19,27,18,63,171,64,8,248,cnh_digital,CNH_frente,0,1,1,1,0,0,0,0,1,0,0,0,1,0,0,0,0,0,0,0
aug_imagem_200.jpg,"PUBLICA FEDERATIVA DO

CCARTEIRA NACIONAL DE HABILITACAO / DRIVER LICENSE, PERMISO DE v5

(ents

0808375, FOGAGA DELIMA.Pt

FRANCISCOCAMARGO

(CAROLINA CASA GRANDE

VALIDA EM TODO 0 TERRITORIO NACIONAL",27,0,17,74,179,64,7,252,70,51,15,cnh_digital,CNH_frente,0,1,1,1,0,0,0,0,1,0,0,0,0,0,0,0,0,0,0,0
aug_imagem_201.jpg,"REPOBLICA FEDERATIVA DO BRASIL
ISTERIO DOS TR

RTE
SECRETARIA NACIONAL DE. TRANSITC

= ee
ena ~~ )(——— D
Stloiaon see

415327806-80 14140236 DIE
BRASILEIRO(A)
RAVY CAVALCANTE

AGATHA PASTOR

VALID EM TODO 0 TERRITORIO NACIONAL",34,0,66,10,245,18,67,168,60,34,15,cnh_digital,CNH_frente,0,0,0,0,0,0,0,0,0,0,0,0,0,0,0,0,0,0,0,0
aug_imagem_202.jpg,"PUBLICA FEDERATIVA DO

CCARTEIRA NACIONAL DE HABILITACAO / DRIVER LICENSE, PERMISO DE 5

(ews

sone )(simcoo (Sm) D
ASLO)

GAELCARVALHO

OLIVIA FARIAS.

VALIDA EM TODO 0 TERRITORIO NACIONAL",28,0,70,70,11,66,10,246,17,75,171,cnh_digital,CNH_frente,0,1,1,1,0,0,0,0,1,0,0,0,0,0,0,0,0,0,0,0
aug_imagem_203.jpg,"\VALIDA EM TODO 0 TERRITORIO NACIONAL

CCARTEIRA NACIONAL DE HABILITACAO / DRIVER LICENSE /PERMISO DE CONDUCCION

Ck. SE

coach",19,0,66,10,246,17,75,171,75,46,11,cnh_digital,CNH_frente,0,1,1,1,0,0,0,0,1,0,0,0,0,0,0,0,0,0,0,0
aug_imagem_204.jpg,"REPUBLICA FEDERATIVA DO BRASIL

MINISTERIO DOS TRANSPORTE
SECRETARIA NACIONAL DE TRANSITO

ea a NACIONAL DE HABILITAGAO / DRIVER LICENSE PERMISO DE CONDUCCION

A:

BENICIO AZEVEDO

ANACLARASA

VALIDA EM TODO 0 TERRITORIO NACIONAL",32,0,63,9,244,75,34,15,17,68,164,cnh_digital,CNH_frente,1,0,1,0,0,0,0,0,1,0,0,0,0,0,0,0,0,0,0,0
aug_imagem_205.jpg,"VALIDA EM TODO 0 TERRITORIO NACIONAL

CCARTEIRA NACIONAL DE HABILITACAO / DRIVER LICENSE /PERMISO DE CONDUCCION

1801/1991, REZENDE, SP

JOKO GUILHERME MORAES

‘MARIA FLORGOMES",24,0,75,51,10,66,10,246,17,75,171,cnh_digital,CNH_frente,0,1,1,1,0,0,0,0,1,0,0,0,0,0,0,0,0,0,0,0
aug_imagem_206.jpg,"VALIDA EM TODO 0 TERRITORIO NACIONAL

CCARTEIRA NACIONAL DE HABILITACAO / DRIVER LICENSE/ PERMISO DECONDUCCION

GES

TS fortran”)

(01/07/1995, SILVEIRA ALEGRE, RO

ome azo) (mem) D
ROISISTHZ8 S$? RO
texans _|[ernsnae _)(0
BRASTROUA)

GUMTERMEDA ROSA

‘SRTA. MARIA CECILIA ALBUQUERQUE",39,0,17,75,171,60,46,11,66,10,246,cnh_digital,CNH_frente,0,1,1,1,0,0,0,0,1,0,0,0,0,0,0,0,0,0,0,0
aug_imagem_207.jpg,"PUBLICA FEDERATIVA DO

CCARTEIRA NACIONAL DE HABILITACAO / DRIVER LICENSE/ PERMISO DE 5

(sssrddioe

vans )(sanvcnos (a) D
masave  \(svesor dae
ASTRO)

ARTHUR MIGUEL MONTENEGRO

‘CAROLINE DA MOTA,

\VALIDA EM TODO 0 TERRITORIO NACIONAL",34,0,66,10,246,17,75,171,60,46,11,cnh_digital,CNH_frente,0,1,1,1,0,0,0,0,1,0,0,0,0,0,0,0,0,0,0,0
aug_imagem_208.jpg,"PUBLICA FEDERATIVA DO

CCARTEIRA NACIONAL DE HABILITACAO / DRIVER LICENSE, PERMISO DE 5

(sts is

DAVILUCAS VASCONCELOS

[MATTE DUARTE

VALIDA EM TODO 0 TERRITORIO NACIONAL",25,0,70,70,11,17,75,171,66,10,246,cnh_digital,CNH_frente,0,1,1,1,0,0,0,0,1,0,0,0,0,0,0,0,0,0,0,0
aug_imagem_209.jpg,"VALIDA EM TODO 0 TERRITORIO NACIONAL

CCARTEIRANACIONAL DE HABILITACAO / DRIVER LICENSE PERMISO DE CONDUCCION

(eae

es Ce

{05/1986 LOPES DE ALMEIDA. PB
2s on mas] D
Paaso20099 SSP FB

203.198754-25

BRASILEIRO)

Fg
DIEGO CASTRO

JULIANA COSTA",37,0,17,75,171,66,10,246,60,46,11,cnh_digital,CNH_frente,0,1,1,1,0,0,0,0,1,0,0,0,0,0,0,0,0,0,0,0
aug_imagem_21.jpg,"REPUBLICA FEDERATIVA DO BRASIL

CCARTEIRANACIONAL DE HABILITACAO / DRIVER LICENSE /PERMISO DE CONDUCCION

Ly : esnn3 D
asisnses st Pa
143567009-56 teooasnt0 fgal

VALIDA EM TODO 0 TERRITORIO NACIONAL",29,0,75,34,15,17,65,164,63,9,244,cnh_digital,CNH_frente,0,1,1,1,0,0,0,0,1,0,0,0,0,0,0,0,0,0,0,0
aug_imagem_210.jpg,"VALIDA EM TODO 0 TERRITORIO NACIONAL

CCARTEIRA NACIONAL DE HABILITACAO / DRIVER LICENSE /PERMISO DE CONDUCCION

16/11/1970,GARCIA, AC

nana )(iowsce (Sm) D
Tasso J(ssoumes Jace
ASLO)

BENICIOGOMES

[MARIA CECILIA MONTEIRO",30,0,17,75,171,75,51,10,66,10,246,cnh_digital,CNH_frente,0,1,1,1,0,0,0,0,1,0,0,0,0,0,0,0,0,0,0,0
aug_imagem_211.jpg,"REPUBLICA FEDERATIVA DO B

CCARTEIRA NACIONAL DE HABILITACAO / DRIVER LICENSE /PERMISO DE CONDUCCION

eS SE
ee

ronon0ce cone) (ama) D
APDas OB SSP AP
russe J(emensiz —_J(a
BRASTROU)

DAVILUZPIMENTA

SOFIASILVA

VALIDA EM TODO 0 TERRITORIO NACIONAL",37,0,60,32,8,17,78,166,67,10,239,cnh_digital,CNH_frente,0,1,1,1,0,0,0,0,1,0,0,0,0,0,0,0,0,0,0,0
aug_imagem_212.jpg,"VALIDA EM TODO 0 TERRITORIO NACIONAL

REPUBL FEDE

R10 TRANSPOR
A NACIONAL DE TRA

CCARTEIRA NACIONAL DE esl DRIVER LICENSE/ PERMISO DE: conouccion

comanoos ciescatooceTE
anwnmns—_)[tsonaer? D
rasa a

saszsm _)(ssmeirs (acc
MEASILEROA)

VINICIUSSILVA

JOANADA LUZ,",36,0,63,9,244,75,32,16,17,65,166,cnh_digital,CNH_frente,0,1,1,0,0,0,0,1,0,0,0,0,0,0,0,0,0,0,0,0
aug_imagem_213.jpg,"VALIDA EM TODO 0 TERRITORIO NACIONAL

CCARTEIRA NACIONAL DE HABILITACAO / DRIVER LICENSE /PERMISO DE CONDUCCION

31/12/1994, FERREIRA, PE.

asnooms—(euniaos  ) (mm) D
(irsousoere —_}(osnrses (ae
RASIEROA)

‘YURI MONTEIRO

HELLENA NASCIMENTO",31,0,60,46,11,17,75,171,66,10,246,cnh_digital,CNH_frente,0,1,1,1,0,0,0,0,1,0,0,0,0,0,0,0,0,0,0,0
aug_imagem_214.jpg,"REPUBLICA FEDERATIVA DO B

RETARIA NACIONAL DE TR.

CCARTEIRA NACIONAL DE HABILITACAO / DRIVER LICENSE /PERMISO DE CONDUCCION

05/02/1992, DA CRUZ, ES

arene caezree _) (amas) D
ESOSTISABSSPES
earisss2s0 _J(rowsossses J (on
BRASTROUA)

SR PEDRO PINTO

-EMANUELLY CALDEIRA

VALIDA EM TODO 0 TERRITORIO NACIONAL",44,0,67,10,230,17,80,160,60,32,8,cnh_digital,CNH_frente,0,1,1,1,0,0,0,0,1,0,0,0,0,0,0,0,0,0,0,0
aug_imagem_215.jpg,"VALIDA EM TODO 0 TERRITORIO NACIONAL

CCARTEIRA NACIONAL DE HABILITACAO / DRIVER LICENSE /PERMISO DE CONDUCCION

0s/94, cTENODO OFSTE RS
ans ciate) (mm) D
TSAS0S011 SSP HS
civenszaris _J(smaonirse Jer
BRASILEIRO)",31,0,66,10,246,60,46,11,17,75,171,cnh_digital,CNH_frente,0,1,1,1,0,0,0,0,1,0,0,0,0,0,0,0,0,0,0,0
aug_imagem_216.jpg,"VALIDA EM TODO 0 TERRITORIO NACIONAL

CARTEIRA NACIONAL DE HABILITACAO / DRIVER LICENSE /PERMISO DE CONDUCCION

(bomcaweso” —SSS~*~S~S@i( omnes)

27/06/1971, PASTOR, AP

tanner asco) (Sm) D
Aes 087 SSP AP

sso7ae0 _J(zzeaneors _) [ace
BRASLERO(A)

‘SR ARTHURDA CONCEIGAO

ALEXIA PIRES",40,0,17,75,171,66,10,246,60,46,11,cnh_digital,CNH_frente,0,1,1,1,0,0,0,0,1,0,0,0,0,0,0,0,0,0,0,0
aug_imagem_217.jpg,"REPUBLICA FEDERATIVA DO BRASIL

CCARTEIRANACIONAL DE HABILITACAO /DRIVER LICENSE /PERMISO DE CONDUCCION

DR. KAIQUESALIS

LORENA PIRES

VALIDA EM TODO 0 TERRITORIO NACIONAL",22,0,60,26,10,19,60,156,60,9,244,cnh_digital,CNH_frente,0,1,1,1,0,0,0,0,1,0,0,0,0,0,0,0,0,0,0,0
aug_imagem_218.jpg,"REPUBLICA FEDERATIVA DO B

RETARIA NACIONAL DE TR.
CCARTEIRANACIONAL DE HABILITACAO / DRIVER LICENSE, PERMISO DE CONDUCCION

Le oe
eS

HELLENA MARTINS

VALIDA EM TODO 0 TERRITORIO NACIONAL",28,0,63,10,239,60,36,14,17,73,168,cnh_digital,CNH_frente,0,1,1,1,0,0,0,0,1,0,0,0,0,0,0,0,0,0,0,0
aug_imagem_219.jpg,"PUBLICA FEDERATIVA DO

CCARTEIRA NACIONAL DE HABILITACAO / DRIVER LICENSE/ PERMISO DECONDUCCION

eT
ioe

-MARIACLARA DA COSTA,

\VALIDA EM TODO 0 TERRITORIO NACIONAL",23,0,66,5,252,60,15,17,17,73,182,cnh_digital,CNH_frente,0,1,1,1,0,0,0,0,1,0,0,0,0,0,0,0,0,0,0,0
aug_imagem_22.jpg,"REPUBLICA FEDERATIVA DO B

RETARIA NACIONAL DE TR.
CARTEIRA NACIONAL DE HABILITACAO / DRIVER LICENSE /PERMISO DE CONDUCCION

GaSao  —oE F

VALIDA EM TODO 0 TERRITORIO NACIONAL",27,0,17,75,171,75,46,11,66,10,246,cnh_digital,CNH_frente,0,1,1,1,0,0,0,0,1,0,0,0,0,0,0,0,0,0,0,0
aug_imagem_220.jpg,"PUBLICA FEDERATIVA DO

CCARTEIRA NACIONAL DE HABILITACAO / DRIVER LICENSE/ PERMISO DECONDUCCION

25/01/1974, TEIXEIRA PAULISTA, ES

naroct paiias sh)
ensse4 SSP ES
assivse6s7_J(exsesisers Jer
BRASTEROU)

PEDROCUNHA

SSRA.MAYA COSTA,

\VALIDA EM TODO 0 TERRITORIO NACIONAL",34,0,17,75,171,66,10,246,60,46,11,cnh_digital,CNH_frente,0,1,1,1,0,0,0,0,1,0,0,0,0,0,0,0,0,0,0,0
aug_imagem_221.jpg,"PUBLICA FEDERATIVA DO

CCARTEIRA NACIONAL DE HABILITACAO / DRIVER LICENSE/ PERMISO DE CONDUCCION

eS See

raurtce anne) (am) D
eoo9en65 55° MT
erousns _\(ressassi2 (ere
BRASTROW)

LevITEDCERA

ANALUIZA VARGAS

VALIDA EM TODO 0 TERRITORIO NACIONAL",35,0,66,5,252,17,73,181,60,17,15,cnh_digital,CNH_frente,0,1,1,1,0,0,0,0,1,0,0,0,0,0,0,0,0,0,0,0
aug_imagem_222.jpg,"PUBLICA FEDERATIVA DO

CCARTEIRA NACIONAL DE HABILITACAO / DRIVER LICENSE, PERMISO DE 5

Ee

05/0/1986, GARCIA DE VARGAS, TO

(GUILHERME PIMENTA

DRA.CECILIA NOVAIS

VALIDA EM TODO 0 TERRITORIO NACIONAL",29,0,17,75,171,70,70,11,66,10,246,cnh_digital,CNH_frente,0,1,1,1,0,0,0,0,1,0,0,0,0,0,0,0,0,0,0,0
aug_imagem_223.jpg,"PUBLICA FEDERATIVA DO

CCARTEIRA NACIONAL DE HABILITACAO / DRIVER LICENSE/ PERMISO DECONDUCCION

_——— es fea

SRRHAVISILVA

LeTIciA poRTO

VALIDA EM TODO 0 TERRITORIO NACIONAL",24,0,16,72,187,30,2,253,60,13,20,cnh_digital,CNH_frente,0,1,1,1,0,0,0,0,1,0,0,0,0,0,0,0,0,0,0,0
aug_imagem_224.jpg,"ff

\VALIDA EM TODO 0 TERRITORIO NACIONAL

REPUBLICA FEDERAT

‘A DO BRASIL

or128.59.73 seiniserie
BRASILEIRO)

NICOLASSA

ALLANA ROCHA",18,0,18,63,169,66,10,245,70,45,17,cnh_digital,CNH_frente,0,0,0,0,0,0,0,0,0,0,0,0,0,0,0,0,0,0,0,0
aug_imagem_225.jpg,"PUBLICA FEDERATIVA DO

CARTEIRA NACIONAL DE HABILITACAO / DRIVER LICENSE/ PERMISO DECONDUCCION

SS ES

ems )(vinecoo (Sm) D
ASLO)

DAVILUCAS TEIKEIRA

‘SRA. HELENA NOVAES.

VALIDA EM TODO 0 TERRITORIO NACIONAL",30,0,60,46,11,17,75,171,66,10,246,cnh_digital,CNH_frente,0,1,1,1,0,0,0,0,1,0,0,0,0,0,0,0,0,0,0,0
aug_imagem_226.jpg,"VALIDA EM TODO O TERRITORIO NACIONAL

REPUBLICA FEDERATIVA DO BRASIL

MINISTERIO DOS TRANSPORTES
SECRETARIA NACIONAL DE TRANSITO

GhaeLebid DEHABILITACAO / DRIVER LICENSE /PERMISO DE CONDUCCION

ii >

eve, GONGALVES DAS PEDRAS, DF

BRASILEIRO(A)

JOAOLUCAS REZENDE

|SABELLY PEREIRA",37,0,18,64,167,75,34,15,66,10,245,cnh_digital,CNH_frente,1,0,1,1,0,0,0,0,1,0,0,0,1,0,0,0,0,0,0,0
aug_imagem_227.jpg,VALIDA EM TODO O TeRRITORIO NACIONAL,6,1,63,9,244,60,14,18,18,57,162,cnh_digital,CNH_frente,0,0,0,0,0,0,0,0,0,0,0,0,0,0,0,0,0,0,0,0
aug_imagem_228.jpg,"PUBLICA FEDERATIVA DO

CCARTEIRA NACIONAL DE HABILITACAO / DRIVER LICENSE, PERMISO DE 5

1405/1963, VARGAS DA MATA, PR

rrn0ze reovn00 ) (ama) D
ROSAS SP PR
senso _J[oassisim Jae
BRASTROU)

Sh ARTHUR GABRIELDIAS

SOPHIA MOURA,

\VALIDA EM TODO 0 TERRITORIO NACIONAL",41,0,60,46,11,17,75,171,66,10,246,cnh_digital,CNH_frente,0,1,1,1,0,0,0,0,1,0,0,0,0,0,0,0,0,0,0,0
aug_imagem_229.jpg,"VALIDA EM TODO 0 TERRITORIO NACIONAL

CCARTEIRA NACIONAL DE HABILITACAO /DRIVER LICENSE /PERMISO DE CONDUCCION

foe

M0976, RATIO RO
tann0at raves) (Sma) D
RODETSTST SSP RO

429.138065-89

762768150 AL

BRASILEIRO(A)

ory

‘THEODORO VASCONCELOS

ANASILVA",34,0,60,57,9,17,79,161,64,9,231,cnh_digital,CNH_frente,0,1,1,1,0,0,0,0,1,0,0,0,0,0,0,0,0,0,0,0
aug_imagem_23.jpg,"VALIDA EM TODO 0 TERRITORIO NACIONAL

CCARTEIRA NACIONAL DE HABILITACAO / DRIVER LICENSE, PERMISO DE 5

(6/08/1960, MORAES, MA

rensa0es inane) (am) D
MAISISSIN0 SSP MA

parois0ss95 _J(sanzres Jat
BRASIEIRO(A)

DANIEL NOVAIS

DRA. MARIA SOPHIA DA CRUZ",37,0,66,10,246,17,75,171,60,46,11,cnh_digital,CNH_frente,0,1,1,1,0,0,0,0,1,0,0,0,0,0,0,0,0,0,0,0
aug_imagem_230.jpg,"VALIDA EM TODO 0 TERRITORIO NACIONAL

CCARTEIRA NACIONAL DE HABILITACAO / DRIVER LICENSE /PERMISO DE CONDUCCION

(eee

eS |e

27/09/1964, ABREU, SE

onosz2 tinscos (Sma) D
Sessa SPS

o7sga0at2-02

73028995317 Cie

BRASILEIRO(A)

LEVIMONTENEGRO

ALANA FONSECA",35,0,17,70,179,67,9,251,75,24,21,cnh_digital,CNH_frente,0,1,1,1,0,0,0,0,1,0,0,0,0,0,0,0,0,0,0,0
aug_imagem_231.jpg,"\VALIDA EM TODO O TERRITORIO NACIONAL

CCARTEIRA NACIONAL DE HABILITACAO / DRIVER LICENSE /PERMISO DE CONDUCCION

ES EE

a7, MARQUES DA MATA.
csocners—)(wownosr (aman) D
Tasers
‘essa )(corsms —_)(0
BRASOV)",30,0,60,57,9,67,10,238,16,78,166,cnh_digital,CNH_frente,0,1,1,1,0,0,0,0,1,0,0,0,0,0,0,0,0,0,0,0
aug_imagem_232.jpg,"PUBLICA FEDERATIVA DO

CCARTEIRA NACIONAL DE HABILITACAO / DRIVER LICENSE/ PERMISO DE CONDUCCION

19/01/1956, MARQUES DE MINAS, DF

inom"") (convenes ) (ma) D
(Caste |r (cir
ASLO)

LEVIPACHECO

DRA.CAROLINE PASTOR

VALIDA EM TODO 0 TERRITORIO NACIONAL",36,0,17,75,171,70,70,11,66,10,246,cnh_digital,CNH_frente,0,1,1,1,0,0,0,0,1,0,0,0,0,0,0,0,0,0,0,0
aug_imagem_233.jpg,"\VALIDA EM TODO 0 TERRITORIO NACIONAL

CARTEIRA NACIONAL DE HABILITACAO / DRIVER LICENSE /PERMISO DE CONDUCCION

(02/02/1986, PIMENTA, PE

oanizcs tany029 sh)
PEI2627 SP FE

sosivzee (sacs) (cir
BRASTEROUA)

CATO ARAGKO

ELOAH MARTINS",33,0,60,46,11,17,75,171,66,10,246,cnh_digital,CNH_frente,0,1,1,1,0,0,0,1,1,0,0,0,0,0,0,0,0,0,0,0
aug_imagem_234.jpg,"PUBLICA FEDERATIVA DO

CCARTEIRA NACIONAL DE HABILITACAO / DRIVER LICENSE, PERMISO DE 5

(iiag

ropar0z4 1937033 sh)
e4s72952 5S RR

152907463-07 3336877910 DE
BRASILEIRO)

PEDROLUCAS ALBUQUERQUE.

-EDUARDA RODRIGUES

VALIDA EM TODO 0 TERRITORIO NACIONAL",34,0,66,10,246,60,46,11,17,75,171,cnh_digital,CNH_frente,0,1,1,1,0,0,0,0,1,0,0,0,0,0,0,0,0,0,0,0
aug_imagem_235.jpg,"REPUBLICA FEDERATIVA DO BRASIL

CARTEIRA NACIONAL DE HABILITACAO / DRIVER LICENSE/ PERMISO DE CONDUCCION

2 DOC IDTADE/ ORG MSEON

(CE66131787 SSP CE

258741369-91 292704740 DI
BRASILEIRO(A)

VALIDA EM TODO 0 TERRITORIO NACIONAL",32,0,63,10,231,60,51,10,17,73,160,cnh_digital,CNH_frente,0,1,1,1,0,0,0,0,1,0,0,0,0,0,0,0,0,0,0,0
aug_imagem_236.jpg,"VALIDA EM TODO 0 TERRITORIO NACIONAL

CCARTEIRA NACIONAL DE HABILITACAO / DRIVER LICENSE /PERMISO DE CONDUCCION

14/02/1984, SA DE ANDRADE, CE

own rena mas) D
Cess02913 ss CE

729836103-08 1613912833 D
BRASILEIRO)

KAIQUE CAMARA

ANALAURA PIRES",36,0,60,36,14,17,74,170,63,9,243,cnh_digital,CNH_frente,0,1,1,1,0,0,0,0,1,0,0,0,0,0,0,0,0,0,0,0
aug_imagem_237.jpg,"VALIDA EM TODO 0 TERRITORIO NACIONAL

REPUBLICA FEDERATIVA DO BRASIL

5

DR RAVILUCCA PEREIRA

JUUA FREAs.",16,0,75,34,15,18,66,162,63,9,244,cnh_digital,CNH_frente,0,0,0,0,0,0,0,0,0,0,0,0,0,0,0,0,0,0,0,0
aug_imagem_238.jpg,"VALIDA EM TODO 0 TERRITORIO NACIONAL

CCARTEIRA NACIONAL DE

HABILITACAO / DRIVER LICENSE /PERMISO DE CONDUCCION

denice 7)

ITNT FOCAGA MS
rana0at amar) (ema) D
 MS603902 SS MS
aressiosor__J(soimee J (se
BRASIERO(A)

DR.CALEBE MORAES

‘MARIA LUISADAMOTA",36,0,17,75,171,66,10,246,60,46,11,cnh_digital,CNH_frente,0,1,1,1,0,0,0,0,1,0,0,0,0,0,0,0,0,0,0,0
aug_imagem_239.jpg,"REPUBLICA FEDERATIVA DO BRASIL
MINISTERIO DOS SPORTES
SECRETARIA NACIONAL DE TRANSITO

CCARTEIRANACIONAL DE HABILITACAO / DRIVER LICENSE /PERMISO DE CONDUCCION

(Mananuacmo —SSS™S*~*~*~S~«S@i( ston)
~ tora eomane | (mm) D

Et seni Gl

JOSUE DA CONCEICAO

NICOLE VASCONCELOS

\VALIDA EM TODO 0 TERRITORIO NACIONAL",43,0,17,67,163,60,30,17,63,9,244,cnh_digital,CNH_frente,1,1,1,1,0,0,0,0,1,0,0,0,0,0,0,0,0,0,0,0
aug_imagem_24.jpg,"PUBLICA FEDERATIVA DO

CCARTEIRA NACIONAL DE HABILITACAO / DRIVER LICENSE/ PERMISO DECONDUCCION

16/08/1991, BORGES DAS PEDRAS, RS

onms—)(asecc0s | (mm) D

ARTHUR MIGUEL ARAGAO

‘SRTA. AYLLA NUNES

VALIDA EM TODO 0 TERRITORIO NACIONAL",33,0,66,10,246,70,70,11,17,75,171,cnh_digital,CNH_frente,0,1,1,1,0,0,0,0,1,0,0,0,0,0,0,0,0,0,0,0
aug_imagem_240.jpg,"\VALIDA EM TODO 0 TERRITORIO NACIONAL

CARTEIRA NACIONAL DE HABILITACAO / DRIVER LICENSE /PERMISO DE CONDUCCION

(lowxamacms —SSS~S~S~=«S@i ats)

16/09/1978, LIMA DA MATA, RO

oa penn sh)
ROTOAESISSSP RO
ssn —_J(eunsistas Jat
BRASIEIRO(A)
BENAMIMLIMA

ANALUIZA CASA GRANDE",37,0,17,75,171,66,10,246,60,46,11,cnh_digital,CNH_frente,0,1,1,1,0,0,0,0,1,0,0,0,0,0,0,0,0,0,0,0
aug_imagem_241.jpg,"REPUBLICA FEDERATIVA DO BRASIL
SECRETARIA NACIONAL DE TRANSITO

CCARTEIRANACIONAL DE HABILITACAO / DRIVER LICENSE  PERMISO DE CONDUCCION

ESS (ea

HENRY GABRIEL VIEIRA

ANABEATRIZRIOS

VALIDA EM TODO 0 TERRITORIO NACIONAL",29,0,18,59,164,63,10,245,60,16,16,cnh_digital,CNH_frente,1,1,1,1,0,0,0,0,1,0,0,0,0,0,0,0,0,0,0,0
aug_imagem_242.jpg,"\VALIDA EM TODO 0 TERRITORIO NACIONAL

CCARTEIRA NACIONAL DE HABILITACAO / DRIVER LICENSE /PERMISO DE CONDUCCION

(ismwornnns” id)

(06/11/1984, FREITAS PAULISTA, RO

‘sis DALUZ",24,0,75,46,11,17,75,171,66,10,246,cnh_digital,CNH_frente,0,1,1,1,0,0,0,0,1,0,0,0,0,0,0,0,0,0,0,0
aug_imagem_243.jpg,"PUBLICA FEDERATIVA DO

CCARTEIRA NACIONAL DE HABILITACAO / DRIVER LICENSE, PERMISO DE 5

oe

‘VITOR GABRIEL CORREIA

OUVIACASTRO

VALIDA EM TODO 0 TERRITORIO NACIONAL",24,0,66,10,246,17,75,171,60,46,11,cnh_digital,CNH_frente,0,1,1,1,0,0,0,0,1,0,0,0,0,0,0,0,0,0,0,0
aug_imagem_244.jpg,"REPUBLICA FEDERATIVA DO B

RETARIA NACIONAL DE TR.

CCARTEIRA NACIONAL DE HABILITACAO / DRIVER LICENSE /PERMISO DE CONDUCCION

eS EE
Eee

tnonms (wera | (am) D
sass Jose (cr
ASROA)

LWANCASSIANO

[MARIA FLOR MENDONCA,

\VALIDA EM TODO 0 TERRITORIO NACIONAL",40,0,66,10,246,17,75,171,60,46,11,cnh_digital,CNH_frente,0,1,1,1,0,0,0,0,1,0,0,0,0,0,0,0,0,0,0,0
aug_imagem_245.jpg,"VALIDA EM TODO 0 TERRITORIO NACIONAL

CCARTEIRA NACIONAL DE HABILITACAO / DRIVER LICENSE /PERMISO DE CONDUCCION

3 OE OT",19,0,70,70,11,66,10,246,17,75,171,cnh_digital,CNH_frente,0,1,1,1,0,0,0,0,1,0,0,0,0,0,0,0,0,0,0,0
aug_imagem_246.jpg,"PUBLICA FEDERATIVA DO

CCARTEIRA NACIONAL DE HABILITACAO / DRIVER LICENSE/ PERMISO DE 5

25/08/1964, DIAS DA PRAIA. MT

cnmms—)(asoie  } (Sm) D
seuvase  J(onnese Jo
ASTRO)

LWUIZ MIGUEL APARECIDA

DRA.JULIA FERREIRA

\VALIDA EM TODO 0 TERRITORIO NACIONAL",37,0,17,75,171,60,46,11,66,10,246,cnh_digital,CNH_frente,0,1,1,1,0,0,0,0,1,0,0,0,0,0,0,0,0,0,0,0
aug_imagem_247.jpg,"PUBLICA FEDERATIVA DO

CCARTEIRA NACIONAL DE HABILITACAO / DRIVER LICENSE/ PERMISO DE 5

(sess

-MATTEODA CUNHA.

LWIZADACosTA

\VALIDA EM TODO 0 TERRITORIO NACIONAL",23,0,17,75,171,60,46,11,66,10,246,cnh_digital,CNH_frente,0,1,1,1,0,0,0,0,1,0,0,0,0,0,0,0,0,0,0,0
aug_imagem_248.jpg,"\VALIDA EM TODO 0 TERRITORIO NACIONAL

CARTEIRA NACIONAL DE HABILITACAO / DRIVER LICENSE /PERMISO DE CONDUCCION

(iinasoneues ———~S—)

10/09/1987, BORGES, BA

rns aio _) (mar) D
BaBott9 Ss BA
iaseissee _)[aerasses 0
BRASIEIRO(A)

DANO ALMEIDA

BARBARA BORGES",37,0,17,75,171,66,10,246,60,46,11,cnh_digital,CNH_frente,0,1,1,1,0,0,0,0,1,0,0,0,0,0,0,0,0,0,0,0
aug_imagem_249.jpg,"REPUBLICA FEDERATIVA DO BRASIL

MINISTERIO DOS TRANSPORTES

CCARTEIRA NACIONAL DE HABILITACAO / DRIVER LICENSE / PERMISO DE a

| (Ca
a
tania osmsrmns D

ManMeT2I9SsP MG

123894567-42 as1aet7571 D

YANSAMPAIO

PIETRA PEXOTO

\VALIDA EM TODO 0 TERAITORIO NACIONAL",38,0,75,34,15,63,9,244,18,65,166,cnh_digital,CNH_frente,0,1,1,1,0,0,0,0,1,0,0,0,1,0,0,0,0,0,0,0
aug_imagem_25.jpg,"PUBLICA FEDERATIVA DO

CCARTEIRA NACIONAL DE HABILITACAO / DRIVER LICENSE PERMISO DE 5

(sisi i

2smzroct soso) (amma) D
ernest? 38° CE
sosinsers7_J(sesiss Jace
BRASTEROUN)

at MIGUEL PORTO

‘SRTA. MARIA FERNANDA CASA GRANDE

VALIDA EM TODO 0 TERRITORIO NACIONAL",39,0,67,9,246,17,78,171,75,57,9,cnh_digital,CNH_frente,0,1,1,1,0,0,0,0,1,0,0,0,0,0,0,0,0,0,0,0
aug_imagem_250.jpg,"(ae, (tees 7

‘ CCARTEIRANACIONAL DE HABILITACAO / DRIVER LICENSE / PERMISO DE CONDUCCION

93354210-0 17335060324 De
BRASILEIRO(A)

VALIDA EM TODO O TERRITORIO NACIONAL",24,0,66,10,245,60,30,17,18,64,168,cnh_digital,CNH_frente,0,1,1,1,0,0,0,0,1,0,0,0,0,0,0,0,0,0,0,0
aug_imagem_251.jpg,"REPUBLICA FEDERATIVA DO B

CCARTEIRA NACIONAL DE HABILITACAO / DRIVER LICENSE /PERMISO DE CONDUCCION

3
Sa

rac rsnscoo (Sma) D
AMSI425 85 Aa
wrissses _J(s2se0e Jon
BRASUEIRO(A)

DRBRYANLEAO

{SIS CASA GRANDE

VALIDA EM TODO 0 TERRITORIO NACIONAL",37,0,66,11,238,60,32,8,17,80,165,cnh_digital,CNH_frente,0,1,1,1,0,0,0,0,1,0,0,0,0,0,0,0,0,0,0,0
aug_imagem_252.jpg,"PUBLICA FEDERATIVA DO

CCARTEIRA NACIONAL DE HABILITACAO / DRIVER LICENSE/ PERMISO DECONDUCCION

(eee a (ser)

2esr02 osnazos mae] D
MST SSP MS
asia _J(eserszeose Joie
BRASILEIRO)

RAVYDASNEVES

ANASOPHIA CORREIA

VALIDA EM TODO 0 TERRITORIO NACIONAL",35,0,60,5,252,60,28,18,16,72,181,cnh_digital,CNH_frente,0,1,1,1,0,0,0,0,1,0,0,0,0,0,0,0,0,0,0,0
aug_imagem_253.jpg,"PUBLICA FEDERATIVA DO

CARTEIRA NACIONAL DE HABILITACAO / DRIVER LICENSE/ PERMISO DECONDUCCION

itv  — — fuer ""J

‘orem )(vreacos | (Ss) D
suas V(reseas dere

‘THEODORO MACEDO

PIETRA FONSECA

VALIDA EM TODO 0 TERRITORIO NACIONAL",35,0,75,26,20,16,72,185,40,3,253,cnh_digital,CNH_frente,0,1,1,1,0,0,0,0,1,0,0,0,0,0,0,0,0,0,0,0
aug_imagem_254.jpg,"PUBLICA FEDERATIVA DO

CCARTEIRA NACIONAL DE HABILITACAO / DRIVER LICENSE/ PERMISO DE 5

(usc fie
Poe peers

JOAO PEDRO ALBUQUERQUE

‘MILENA DA LUZ

\VALIDA EM TODO 0 TERRITORIO NACIONAL",29,0,17,75,171,66,10,246,60,46,11,cnh_digital,CNH_frente,0,1,1,1,0,0,0,0,1,0,0,0,0,0,0,0,0,0,0,0
aug_imagem_255.jpg,"VALIDA EM TODO 0 TERRITORIO NACIONAL

CCARTEIRA NACIONAL DE HABILITACAO / DRIVER LICENSE /PERMISO DE CONDUCCION

cs OE OT

1779/1957, LOPES, BR

2amnen0 ras sh)
RS069598 SSR

052547613-53 29209008055 A
BRASILEIRO)

GUSTAVO BRITO

CATARINA SOUZA",35,0,17,75,171,66,10,246,60,46,11,cnh_digital,CNH_frente,0,1,1,1,0,0,0,1,1,0,0,0,0,0,0,0,0,0,0,0
aug_imagem_256.jpg,"PUBLICA FEDERATIVA DO

CCARTEIRA NACIONAL DE HABILITACAO / DRIVER LICENSE, PERMISO DE 5

(stains “i

VALIDA EM TODO 0 TERRITORIO NACIONAL",21,0,66,10,246,70,70,11,17,75,171,cnh_digital,CNH_frente,0,1,1,1,0,0,0,0,1,0,0,0,0,0,0,0,0,0,0,0
aug_imagem_257.jpg,"VALIDA EM TODO 0 TERRITORIO NACIONAL

CCARTEIRA NACIONAL DE HABILITACAO / DRIVER LICENSE /PERMISO DE CONDUCCION

(6/08/1985, MORAES, MG

imam )(zoexc05 (Sm) D
ASLO)

piocopa wz,

DRA.ELOAH PACHECO",28,0,17,75,171,66,10,246,70,70,11,cnh_digital,CNH_frente,0,1,1,1,0,0,0,0,1,0,0,0,0,0,0,0,0,0,0,0
aug_imagem_258.jpg,"VALIDA EM TODO 0 TERRITORIO NACIONAL

CCARTEIRA NACIONAL DE HABILITACAO / DRIVER LICENSE /PERMISO DE CONDUCCION

ES SE

2/997. MES GRANDE. SE
uieizea—)(oeuvanes  ) (am) D
wzsonez J(ennises Joe
ASLO)",30,0,66,10,246,75,51,10,17,75,171,cnh_digital,CNH_frente,0,1,1,1,0,0,0,0,1,0,0,0,0,0,0,0,0,0,0,0
aug_imagem_259.jpg,"VALIDA EM TODO 0 TERRITORIO NACIONAL

CCARTEIRA NACIONAL DE HABILITACAO / DRIVER LICENSE /PERMISO DE CONDUCCION

ES EE

10/12/1960,DA COSTA, MG

ANTONY MARQUES

LARA MACHADO",25,1,66,10,246,70,70,11,17,75,171,cnh_digital,CNH_frente,0,1,1,1,0,0,0,0,1,0,0,0,0,0,0,0,0,0,0,0
aug_imagem_26.jpg,"VALIDA EM TODO 0 TERRITORIO NACIONAL

CCARTEIRA NACIONAL DE HABILITACAO / DRIVER LICENSE /PERMISO DE CONDUCCION

Ee SE

30/07/1964, CAVALCANTE DE MENDES, SE

simran )(vimvcos (Sm) D
ASLO)

LEVIBAREOSA

JOANADAPAZ",30,0,70,70,11,17,75,171,66,10,246,cnh_digital,CNH_frente,0,1,1,1,0,0,0,0,1,0,0,0,0,0,0,0,0,0,0,0
aug_imagem_260.jpg,"VALIDA EM TODO 0 TERRITORIO NACIONAL

REPUBLICA FEDERATIVA DO BRASIL
MINISTERIO DOS TRANSPORTES.

CCARTEIRA NACIONAL DE HABILITACAO / DRIVER LICENSE /PERMISO DE CONDUCCION

(sins fie

=)

3014/96, MACHADO DE MINAS. MA

BRASILEIRO)

ARTHUR GABRIELSAMPAIO

DRA. MARCELA DAMATA",37,0,66,10,245,75,34,15,18,65,166,cnh_digital,CNH_frente,0,1,1,1,0,0,0,0,1,0,0,0,1,0,0,0,0,0,0,0
aug_imagem_261.jpg,"\VALIDA EM TODO 0 TERRITORIO NACIONAL

TONAL DE TRA\

CARTEIRA NACIONAL DE HABILITACAO / DRIVER LICENSE, PERMISO DE CONDUCCION

1o991, CURA PASTA RR

rns ass ===) D
ARTSSASTSSP RR

sresi203559 __}(rssoones __} (>
BRASTEIROWA

{ARTHUR MIGUEL CALDERA

AYLLA COSTELA",39,0,17,71,161,60,43,12,63,10,233,cnh_digital,CNH_frente,0,1,1,1,0,0,0,0,1,0,0,0,0,0,0,0,0,0,0,0
aug_imagem_262.jpg,"CARTEIRA NACIONAL DE HABILITACAO / DRIVER LICENSE/ PERMISO DE CONDUCCION

210011995, NOGUEIRA
fy vimana tsav008 man) D

RNS1S78020 SP RN
032598107-79 Gorigsa8nes DIE
BRASILEIRO(A)
ry

‘VITOR GABRIEL MORAES

ANA CAROLINA CARVALHO

VALIDA EM TODO 0 TERRITORIO NACIONAL",37,0,17,70,156,60,36,14,67,10,232,cnh_digital,CNH_frente,0,1,1,1,0,0,0,0,1,0,0,0,0,0,0,0,0,0,0,0
aug_imagem_263.jpg,"PUBLICA FEDERATIVA DO

CARTEIRA NACIONAL DE HABILITACAO / DRIVER LICENSE/ PERMISO DECONDUCCION

ee

esn002 cinznoes ) (mmr) D
PABSOUN2 SS PA

rasesansa9 _|[osswisss (A
BRASILEIRO)

ANTHONY MACEDO

‘MARIA FLORCASTRO

VALIDA EM TODO 0 TERRITORIO NACIONAL",35,0,60,43,12,17,74,165,67,10,235,cnh_digital,CNH_frente,0,1,1,1,0,0,0,0,1,0,0,0,0,0,0,0,0,0,0,0
aug_imagem_264.jpg,"\VALIDA EM TODO O TERRITORIO NACIONAL

REPUBLICA FEDERATIVA DO B

CCARTEIRANACIONAL DE HABILITACAO / DRIVER LICENSE, PERMISO DE CONDUCCION

Gah

6/2706 PEREIRA. AM
ananc2 penaos Sh)
ANGTESEB0 SS Ax

981.527460-02

708863716 B

BRASILEIRO(A)

ory
‘YURIPIRES.

‘SRA.OLIVIA ROCHA",37,0,64,9,234,60,57,9,17,80,162,cnh_digital,CNH_frente,0,1,1,1,0,0,0,0,1,0,0,0,0,0,0,0,0,0,0,0
aug_imagem_265.jpg,"VALIDA EM TODO 0 TERRITORIO NACIONAL

CCARTEIRA NACIONAL DE HABILITACAO / DRIVER LICENSE /PERMISO DE CONDUCCION

1202/1972, NOVAES, SE

‘VITORGABRIEL PINTO

[MARIA VITORIA REZENDE",24,0,66,10,246,70,70,11,17,75,171,cnh_digital,CNH_frente,0,1,1,1,0,0,0,0,1,0,0,0,0,0,0,0,0,0,0,0
aug_imagem_266.jpg,"VALIDA EM TODO 0 TERRITORIO NACIONAL

CCARTEIRA NACIONAL DE HABILITACAO / DRIVER LICENSE /PERMISO DE CONDUCCION

ee OEE

02/11/1978, RAMOS, AM

FRANCISCO BRITO

(MILENA CAVALCANTI",25,0,66,10,246,17,75,171,70,70,11,cnh_digital,CNH_frente,0,1,1,1,0,0,0,0,1,0,0,0,0,0,0,0,0,0,0,0
aug_imagem_267.jpg,"REPUBLICA FEDERATIVA DO BRASIL
NISTERIO DOS TRANSPORT
SECRETARIA NACIONAL DE TRANSITO

CARTEIRANNACIONAL DE HABILITACAO / DRIVER LICENSE  PERMISO DE CONDUCCION
(semicouspancsaSSS*~*«*@i ted
2/07, DA HOSA DOs DOURADOR A

ry) [Hever _)(seins ) (ems) D

AMASISE26 880 AM
97185234646 67555399938 c
BRASILEIRO(A)

SR MARCELODA CONCEICAO

LARA CASA GRANDE

VALIDA EM TODO 0 TERRITORIO NACIONAL",53,0,60,32,16,63,9,244,18,66,162,cnh_digital,CNH_frente,1,1,1,1,0,0,0,0,1,0,0,0,0,0,0,0,0,0,0,0
aug_imagem_268.jpg,"PUBLICA FEDERATIVA DO

CARTEIRA NACIONAL DE HABILITACAO / DRIVER LICENSE/ PERMISO DECONDUCCION

ES EE
om

cimans (saeco) (am) D
AMETIDOSSSSP AM

reuse V(r da
ASLO)

BENJAMIM APARECIDA

OLIVIA BARBOSA.

VALIDA EM TODO 0 TERRITORIO NACIONAL",35,0,17,75,171,66,10,246,60,46,11,cnh_digital,CNH_frente,0,1,1,1,0,0,0,0,1,0,0,0,0,0,0,0,0,0,0,0
aug_imagem_269.jpg,"PUBLICA FEDERATIVA DO

CCARTEIRA NACIONAL DE HABILITACAO / DRIVER LICENSE, PERMISO DE 5

(ates, as

HENRY GABRIELCUNHA

-MARIANASA

VALIDA EM TODO 0 TERRITORIO NACIONAL",24,0,75,51,10,66,10,246,17,75,171,cnh_digital,CNH_frente,0,1,1,1,0,0,0,0,1,0,0,0,0,0,0,0,0,0,0,0
aug_imagem_27.jpg,"VALIDA EM TODO 0 TERRITORIO NACIONAL

CCARTEIRA NACIONAL DE HABILITACAO / DRIVER LICENSE/ PERMISO DE CONDUCCION

a eS
oe

soca) (mm) D",22,0,63,9,245,75,43,12,17,68,169,cnh_digital,CNH_frente,0,1,1,1,0,0,0,0,1,0,0,0,0,0,0,0,0,0,0,0
aug_imagem_270.jpg,"PUBLICA FEDERATIVA DO

CCARTEIRA NACIONAL DE HABILITACAO / DRIVER LICENSE/ PERMISO DE CONDUCCION

LWIZOTAVIOALVES

SSRTA. EVELYNRODRIGUES

VALIDA EM TODO 0 TERRITORIO NACIONAL",22,0,66,10,246,70,70,11,17,75,171,cnh_digital,CNH_frente,0,1,1,1,0,0,0,0,1,0,0,0,0,0,0,0,0,0,0,0
aug_imagem_271.jpg,"VALIDA EM TODO 0 TERRITORIO NACIONAL

CCARTEIRA NACIONAL DE

(eee

HABILITACAO / DRIVER LICENSE /PERMISO DE CONDUCCION

es

999 BRITODE AZEVEDO. RO
onzroat sooo) (amma) D
ROPSOLGI7SSP RO
rasossess _J(rassosex (oie
BRASTEROUN)

SRTA RAQUELDA CONCEIGAO",35,0,60,46,11,66,10,246,17,75,171,cnh_digital,CNH_frente,0,1,1,1,0,0,0,0,1,0,0,0,0,0,0,0,0,0,0,0
aug_imagem_272.jpg,"VALIDA EM TODO 0 TERRITORIO NACIONAL

CCARTEIRANACIONAL DE HABILITAGAO / DRIVER LICENSE, PERMISO DE CONDUCCION

(icine —«*

03/04/1959, SANTOS, MS

‘5en002 ven Nh)
MSe4762537SSP MS

SB5A10467 34 2049501917 3
BRASILEIRO)

RENANREZENDE.

LARA PASTOR",33,0,17,75,164,60,51,10,63,10,236,cnh_digital,CNH_frente,0,1,1,0,0,0,0,0,1,0,0,0,0,0,0,0,0,0,0,0
aug_imagem_273.jpg,"REPUBLICA FEDERATIVA DO BRASIL

CARTEIRA NACIONAL DE HABILITACAO / DRIVER LICENSE / PERMISO DE CONDUCCION

(G049386339SSPGO
023.158946-89 14641998962 DL
BBRASILEIRO(A)

RAUL FERNANDES

‘MARIA LUIZA GOMES

\VALIDA EM TODO 0 TERRITORIO NACIONAL",31,0,63,9,244,17,66,165,75,32,16,cnh_digital,CNH_frente,0,1,1,1,0,0,0,0,1,0,0,0,0,0,0,0,0,0,0,0
aug_imagem_274.jpg,"VALIDA EM TODO 0 TERRITORIO NACIONAL

CARTEIRA NACIONAL DE HABILITACAO / DRIVER LICENSE /PERMISO DE CONDUCCION

22/05/2004, FREITAS DAS PEDRAS, AC

sont tbnszs mae] D
ACTBIMT SSP RE

maisise7 _J[sssonisoss J (a
BRASIEIRO(A)

OLIVERDA COSTA

SSRA.LUANA CALDEIRA",37,0,17,75,171,60,46,11,66,10,246,cnh_digital,CNH_frente,0,1,1,1,0,0,0,0,1,0,0,0,0,0,0,0,0,0,0,0
aug_imagem_275.jpg,"VALIDA EM TODO 0 TERRITORIO NACIONAL

CCARTEIRA NACIONAL DE HABILITACAO / DRIVER LICENSE /PERMISO DE CONDUCCION

cinvama—)(ecoraoo | (a) D
Aotearoa
ASTRO)",22,0,70,70,11,17,75,171,66,10,246,cnh_digital,CNH_frente,0,1,1,1,0,0,0,0,1,0,0,0,0,0,0,0,0,0,0,0
aug_imagem_276.jpg,"PUBLICA FEDERATIVA DO

CCARTEIRA NACIONAL DE HABILITACAO / DRIVER LICENSE, PERMISO DE 5

(shieseise i

-ENZOGABRIEL RIBEIRO

BELLA RODRIGUES

VALIDA EM TODO O TERRITORIO NACIONAL",25,0,66,10,246,60,46,11,17,75,171,cnh_digital,CNH_frente,0,1,1,1,0,0,0,0,1,0,0,0,0,0,0,0,0,0,0,0
aug_imagem_277.jpg,"VALIDA EM TODO 0 TERRITORIO NACIONAL

REPOBLICA FEDERATIVA DO BRASIL

MINISTERIO DOS TRANSPORTES
SECRETARIA NACIONAL DE TRANSITO

et i wh DEHABILITACAO / DRIVER LICENSE /PERMISO DE CoNDUCCION

‘MARIA LUIZA CORREIA",30,0,60,24,21,63,9,244,18,65,166,cnh_digital,CNH_frente,1,0,1,1,0,0,0,0,1,0,0,0,1,0,0,0,0,0,0,0
aug_imagem_278.jpg,"PUBLICA FEDERATIVA DO

CCARTEIRA NACIONAL DE HABILITACAO / DRIVER LICENSE, PERMISO DE — 5

ee oo

12/12/1966, PACHECODA MATA.RO

José costa

CAROLINA PACHECO

VALIDA EM TODO 0 TERRITORIO NACIONAL",29,0,66,10,246,17,75,171,70,70,11,cnh_digital,CNH_frente,0,1,1,1,0,0,0,0,1,0,0,0,0,0,0,0,0,0,0,0
aug_imagem_279.jpg,"PUBLICA FEDERATIVA DO

CCARTEIRA NACIONAL DE HABILITACAO / DRIVER LICENSE/ PERMISO DE 5

(cr (0c

30/07/1958, PORTODE LIMA, BA

taran0z cowzr0s0 _) (mma) D
BASTATGIOSSP BA

csezraea desi Je
BRASILEINOA)

KAIQUE LOPES

JOUANOVAIS

VALIDA EM TODO 0 TERRITORIO NACIONAL",39,0,60,32,8,17,80,168,63,9,243,cnh_digital,CNH_frente,0,1,1,1,0,0,0,0,1,0,0,0,0,0,0,0,0,0,0,0
aug_imagem_28.jpg,"VALIDA EM TODO 0 TERRITORIO NACIONAL

CCARTEIRA NACIONAL DE HABILITACAO / DRIVER LICENSE /PERMISO DE CONDUCCION

(2 OE

14/02/1971, PASTOR, PB

canvans—)(esnicon | (Sm) D
POOLS PB
ASIEIROA)

‘MIGUEL PINTO

‘VITORIA FREITAS",32,0,16,76,172,66,10,246,75,51,10,cnh_digital,CNH_frente,0,1,1,1,0,0,0,0,1,0,0,0,0,0,0,0,0,0,0,0
aug_imagem_280.jpg,"\VALIDA EM TODO 0 TERRITORIO NACIONAL

CARTEIRA NACIONAL DE HABILITACAO / DRIVER LICENSE/ PERMISO DECONDUCCION

eS EE

16/08/1983, TEDKEIRA DA SERRA, TO.

convene )(zsnanon | (Sm) D
ASTRO)

JOSE PEDRO CORREIA

‘MARINA MACHADO",33,0,67,10,234,17,75,163,75,51,10,cnh_digital,CNH_frente,0,1,1,1,0,0,0,0,1,0,0,0,0,0,0,0,0,0,0,0
aug_imagem_281.jpg,"REPOBL

CCARTEIRA NACIONAL DE HABILITACAO / DRIVER LICENSE / PERMISO DE CONDUCCION

BRASILEIROWA)

LEVIFOGACA

‘CATARINA FARIAS

VALIDA EM TODO O TERRITORIO NACIONAL",22,0,18,67,168,75,34,15,66,10,245,cnh_digital,CNH_frente,0,1,1,1,0,0,0,1,1,0,0,0,0,0,0,0,0,0,0,0
aug_imagem_282.jpg,"PUBLICA FEDERATIVA DO

CCARTEIRA NACIONAL DE HABILITACAO / DRIVER LICENSE, PERMISO DE 5

(Se.
Se oreen

PEDROLUCAS SOUZA

DRA. BRUNA VARGAS

VALIDA EM TODO 0 TERRITORIO NACIONAL",27,0,66,10,246,70,70,11,17,75,171,cnh_digital,CNH_frente,0,1,1,1,0,0,0,0,1,0,0,0,0,0,0,0,0,0,0,0
aug_imagem_283.jpg,"PUBLICA FEDERATIVA DO

CCARTEIRA NACIONAL DE HABILITACAO / DRIVER LICENSE, PERMISO DE 5

(tsi i

smi ponanose a)
PDteasassPr

sirsn06s0 (essere (cir
BRASILEIRO)

AVIPIRES

ELISASANTOS

VALIDA EM TODO 0 TERRITORIO NACIONAL",31,0,17,77,165,60,57,9,64,9,236,cnh_digital,CNH_frente,0,1,1,1,0,0,0,0,1,0,0,0,0,0,0,0,0,0,0,0
aug_imagem_284.jpg,"\VALIDA EM TODO 0 TERRITORIO NACIONAL

CCARTEIRA NACIONAL DE HABILITACAO / DRIVER LICENSE / PERMISO DE CONDUCCION

19/03/1995, CAMARGO DAS FLORES, MG.

avers ‘amen sh)
-Mas860193955° MG
2385719630 2919646137 Di
BRASILEIRO)

JOAOVITORVARGAS

LORENA MOURA",34,0,66,10,246,60,46,11,17,75,171,cnh_digital,CNH_frente,0,1,1,1,0,0,0,0,1,0,0,0,0,0,0,0,0,0,0,0
aug_imagem_285.jpg,"REPUBLICA FEDERATIVA DO B

CCARTEIRA NACIONAL DE HABILITACAO / DRIVER LICENSE /PERMISO DE CONDUCCION

eS SS Ee

areas rasan sh)
PBGSATA3 SSP PE

416275398-91, 37096197904 AL
BRASILEIRO(A)

VALIDA EM TODO O TERRITORIO NACIONAL",33,0,60,64,8,66,11,234,17,82,162,cnh_digital,CNH_frente,0,1,1,1,0,0,0,0,1,0,0,0,0,0,0,0,0,0,0,0
aug_imagem_286.jpg,"VALIDA EM TODO 0 TERRITORIO NACIONAL

CCARTEIRA NACIONAL DE HABILITACAO / DRIVER LICENSE /PERMISO DE CONDUCCION

ee i",18,0,60,46,11,66,10,246,17,75,171,cnh_digital,CNH_frente,0,1,1,1,0,0,0,0,1,0,0,0,0,0,0,0,0,0,0,0
aug_imagem_287.jpg,"PUBLICA FEDERATIVA DO

CCARTEIRA NACIONAL DE HABILITACAO / DRIVER LICENSE/ PERMISO DE 5

(tie

emai aumcnees —_) (aes) D
ROS 704 SPR
cosssssriso __J(zriessonr J (01
BRASILEIRO)

HENRY GABRIEL VASCONCELOS

[NINA CAMARGO

VALIDA EM TODO 0 TERRITORIO NACIONAL",38,0,63,9,244,17,80,169,60,32,8,cnh_digital,CNH_frente,0,1,1,1,0,0,0,0,1,0,0,0,0,0,0,0,0,0,0,0
aug_imagem_288.jpg,"PUBLICA FEDERATIVA DO

CCARTEIRA NACIONAL DE HABILITACAO / DRIVER LICENSE /PERMISO DE CONDUCCION

SS ee

02/09/1978, MONTENEGRO DA PRATA, SC

Coa JE Fe

PEDROJESUS

[MARIA CLARA VIEIRA

\VALIDA EM TODO 0 TERRITORIO NACIONAL",33,0,66,10,246,60,46,11,17,75,171,cnh_digital,CNH_frente,0,1,1,1,0,0,0,0,1,0,0,0,0,0,0,0,0,0,0,0
aug_imagem_29.jpg,"PUBLICA FEDERATIVA DO

CCARTEIRA NACIONAL DE HABILITACAO / DRIVER LICENSE, PERMISO DE 5

Ck FFs

21/02/1991, PEIKOTO DE GOLAS. MG

ANTHONY GABRIEL NUNES

BELLA MOURA

VALIDA EM TODO 0 TERRITORIO NACIONAL",31,0,17,75,171,66,10,246,70,70,11,cnh_digital,CNH_frente,0,1,1,1,0,0,0,0,1,0,0,0,0,0,0,0,0,0,0,0
aug_imagem_3.jpg,"REPUBLICA FEDERATIVA DO BRASIL

CARTEIRA NACIONAL DE HABILITACAO / DRIVER LICENSE/ PERMISO DE CONDUCCION

(ssn iY

Scset0se78 SP SC
742591.360-70 4605283100 A
BRASILEIRO(A)

VALIDA EM TODO 0 TERRITORIO NACIONAL",29,0,75,43,12,66,10,245,18,69,170,cnh_digital,CNH_frente,0,1,1,1,0,0,0,0,1,0,0,0,0,0,0,0,0,0,0,0
aug_imagem_30.jpg,"\VALIDA EM TODO 0 TERRITORIO NACIONAL

‘A DO BRASIL

CARTEIRA NACIONAL DE HABILITACAO/ DRIVER LICENSE /PERMISO DE CONDUCCION

PAGS287335 SSP PA

fy wean nan0%0 ma} D

BRYANDA MOTA

LVIASA

a79esa940u4 DIE",31,0,17,72,164,67,9,244,75,36,14,cnh_digital,CNH_frente,0,1,1,1,0,0,0,0,1,0,0,0,0,0,0,0,0,0,0,0
aug_imagem_31.jpg,"REPUBLICA FEDERATIVA DO BRASIL

MINISTERIO DOS TRANSPORTES

CARTEIRA NACIONAL DE HABILITAGAO / DRIVER LICENSE PERMISO DE CONDUCCION

974310265-44 76592566679 G
BRASILEIRO(A)

BRYAN ROCHA

NATALIA ABREU

\VALIDA EM TODO 0 TERRITORIO NACIONAL",31,0,17,65,168,66,10,245,75,34,15,cnh_digital,CNH_frente,0,1,1,0,0,0,0,0,1,0,0,0,1,0,0,0,0,0,0,0
aug_imagem_32.jpg,"VALIDA EM TODO 0 TERRITORIO NACIONAL

CCARTEIRA NACIONAL DE HABILITACAO / DRIVER LICENSE /PERMISO DE CONDUCCION

Ee SS

(08/12/1956, BARBOSA DOSUIL. RI

inom) (oonaans ) (a) D
ASLO)

LEANDRO ALVES.

ALANA BRITO",32,0,75,51,10,16,76,172,66,10,246,cnh_digital,CNH_frente,0,1,1,1,0,0,0,0,1,0,0,0,0,0,0,0,0,0,0,0
aug_imagem_33.jpg,"VALIDA EM TODO 0 TERRITORIO NACIONAL

CCARTEIRA NACIONAL DE

(ees

HABILITACAO / DRIVER LICENSE /PERMISO DE CONDUCCION

eS |

8/1796, ALMEIDA AL
soar e603 mas] D
ALITOTOD SP A
$72618370-00 20080350366 AL
BRASILEIRO)

THEO ARACIO

SSRTA. BIANCA FREITAS",38,0,60,46,11,66,10,246,17,75,171,cnh_digital,CNH_frente,0,1,1,1,0,0,0,0,1,0,0,0,0,0,0,0,0,0,0,0
aug_imagem_34.jpg,"PUBLICA FEDERATIVA DO

CCARTEIRA NACIONAL DE HABILITACAO / DRIVER LICENSE, PERMISO DE 5

(iin i

DAVILUCAS VASCONCELOS

[MARIA FLOR MOURA,

VALIDA EM TODO 0 TERRITORIO NACIONAL",26,0,66,10,246,70,70,11,17,75,171,cnh_digital,CNH_frente,0,1,1,1,0,0,0,0,1,0,0,0,0,0,0,0,0,0,0,0
aug_imagem_35.jpg,"VALIDA EM TODO O TERAITORIO NACIONAL

CARTEIRA NACIONAL DE HABILITACAO / DRIVER LICENSE / PERMISO DE CONDUCCION

(Gacetnta

060
a:

031.786524-26 3696136922 8

BRASILEIRO(A)

PEDRO MIGUEL FARIAS

MAYACOSTA",28,0,17,66,166,63,9,245,60,39,13,cnh_digital,CNH_frente,0,1,1,1,0,0,0,0,1,0,0,0,0,0,0,0,0,0,0,0
aug_imagem_36.jpg,"VALIDA EM TODO 0 TERRITORIO NACIONAL

CCARTEIRA NACIONAL DE HABILITACAO / DRIVER LICENSE/ PERMISO DECONDUCCION

ke Ee

(08/11/2004, ARAU}O DOOESTE, GO.

2erano2s aio029 mae] D
osnestss°.G0

rasasa1_)[srrseoar _) an
BRASILEIRO)

JOAOLUCAS VARGAS

‘MARIA LIZ PACHECO",35,0,60,46,11,66,10,246,17,75,171,cnh_digital,CNH_frente,0,1,1,1,0,0,0,0,1,0,0,0,0,0,0,0,0,0,0,0
aug_imagem_37.jpg,"PUBLICA FEDERATIVA DO

CCARTEIRA NACIONAL DE HABILITACAO / DRIVER LICENSE/ PERMISO DE 5

1715/1965, MOURA DA PRATA, PI

2enanoc4 rowrnees | (mma) D
PBSIIDa7 SPP
cssiszee —_J(zzvesioi2 J (oe
BRASIEIRO(A)

VALENTIN VIANA

LETICIA FERNANDES

VALIDA EM TODO O TERRITORIO NACIONAL",40,0,67,10,234,60,57,9,17,78,163,cnh_digital,CNH_frente,0,1,1,1,0,0,0,0,1,0,0,0,0,0,0,0,0,0,0,0
aug_imagem_38.jpg,"PUBLICA FEDERATIVA DO

CCARTEIRA NACIONAL DE HABILITACAO / DRIVER LICENSE/ PERMISO DE CONDUCCION

eS SG

AOS AP

ANTHONY GABRIELROCHA

[MARIA LUISA OLIVEIRA

VALIDA EM TODO 0 TERRITORIO NACIONAL",28,0,66,10,246,17,75,171,70,70,11,cnh_digital,CNH_frente,0,1,1,1,0,0,0,0,1,0,0,0,0,0,0,0,0,0,0,0
aug_imagem_39.jpg,"REPUBLICA FEDERATIVA DO B

RETARIA NACIONAL DE TR.
CCARTEIRA NACIONAL DE HABILITACAO / DRIVER LICENSE, PERMISO DE CONDUCCION

Ca Ee

ova renccoy (Sma) D
PESIIOSBSSP PE
semsnrss Jesus _)[ace
BRASTEROUA)

RODRIGODA ROCHA

-MARIAHSILVA,

\VALIDA EM TODO O TERRITORIO NACIONAL",39,0,64,9,234,17,78,163,60,28,9,cnh_digital,CNH_frente,0,1,1,1,0,0,0,0,1,0,0,0,0,0,0,0,0,0,0,0
aug_imagem_4.jpg,"PUBLICA FEDERATIVA DO

CCARTEIRA NACIONAL DE HABILITACAO / DRIVER LICENSE, PERMISO DE 5

(sig

inva )(veocoe (Sm) D
ASLO)

BENJAMIM CAMPOS

HELOISADACRUZ

VALIDA EM TODO 0 TERRITORIO NACIONAL",28,0,66,10,246,17,75,171,70,70,11,cnh_digital,CNH_frente,0,1,1,1,0,0,0,0,1,0,0,0,0,0,0,0,0,0,0,0
aug_imagem_40.jpg,"VALIDA EM TODO 0 TERRITORIO NACIONAL

CCARTEIRA NACIONAL DE HABILITACAO / DRIVER LICENSE /PERMISO DE CONDUCCION

(03/04/2000, SOUZA, PA

asnoans (ionic) (Sm) D
ASTRO)

JOAQUIM FERREIRA

‘ANAJOUIA MENDES:",28,0,17,75,171,66,10,246,70,70,11,cnh_digital,CNH_frente,0,1,1,1,0,0,0,0,1,0,0,0,0,0,0,0,0,0,0,0
aug_imagem_41.jpg,"\VALIDA EM TODO 0 TERRITORIO NACIONAL

CCARTEIRA NACIONAL DE HABILITACAO /DRIVER LICENSE /PERMISO DE CONDUCCION

Gass

es Ce)

21/11/1981, SILVA, ES.

rpn0zt rsnoce (Sma) D
ESLazOTOSSPES

247 683.051-80

20529809514 B

BRASILEIRO(A)

ory
‘VITOR MARTINS

ANALIVIA COSTELA",36,0,60,32,8,64,9,233,17,79,162,cnh_digital,CNH_frente,0,1,1,1,0,0,0,0,1,0,0,0,0,0,0,0,0,0,0,0
aug_imagem_42.jpg,"VALIDA EM TODO 0 TERRITORIO NACIONAL

CCARTEIRA NACIONAL DE HABILITACAO / DRIVER LICENSE/ PERMISO DECONDUCCION

(ee

TS ants)

s/097, PACHECODAPRATA, AP
2ansn004 rins033 a)
AeHAS90SSP AP

461,799023-87

94111001928 BE

BRASILEIRO(A)

ry
OTAVIOAPARECIDA

SARADACOSTA",33,0,66,10,246,60,46,11,17,75,171,cnh_digital,CNH_frente,0,1,1,1,0,0,0,0,1,0,0,0,0,0,0,0,0,0,0,0
aug_imagem_43.jpg,"VALIDA EM TODO 0 TERRITORIO NACIONAL

CCARTEIRA NACIONAL DE HABILITACAO / DRIVER LICENSE /PERMISO DE CONDUCCION

SS SE

28/10/1991, OLIVEIRA DOS DOURADOS, SE

conoems—)(zsoxc00 | (Sm) D
ASO)

DAVIANDRADE

ISABELLY GUERRA",31,0,17,75,171,70,70,11,66,10,246,cnh_digital,CNH_frente,0,1,1,1,0,0,0,0,1,0,0,0,0,0,0,0,0,0,0,0
aug_imagem_44.jpg,"PUBLICA FEDERATIVA DO

CCARTEIRA NACIONAL DE HABILITACAO / DRIVER LICENSE/ PERMISO DE CONDUCCION

ke EE
eas

cman )(iomnco (Sm) D
(cession }(seeasiom doe
ASLO)

BRYANCALDEIRA

SSRTA. MARIA FLOR VARGAS

VALIDA EM TODO 0 TERRITORIO NACIONAL",35,0,66,10,246,17,75,171,70,70,11,cnh_digital,CNH_frente,0,1,1,1,0,0,0,0,1,0,0,0,0,0,0,0,0,0,0,0
aug_imagem_45.jpg,"PUBLICA FEDERATIVA DO

CCARTEIRA NACIONAL DE HABILITACAO / DRIVER LICENSE/ PERMISO DECONDUCCION

eS SS ae

‘SR.ERICK MORAES

LZARAGKO

VALIDA EM TODO 0 TERRITORIO NACIONAL",24,0,67,9,252,75,28,18,17,73,179,cnh_digital,CNH_frente,0,1,1,1,0,0,0,0,1,0,0,0,0,0,0,0,0,0,0,0
aug_imagem_46.jpg,"\VALIDA EM TODO 0 TERRITORIO NACIONAL

CCARTEIRA NACIONAL DE HABILITACAO / DRIVER LICENSE /PERMISO DE CONDUCCION

(a (|

(08/05/1986, CALDEIRA DE ALMEIDA, BA

‘MILENA CAMPOS",25,0,66,10,246,75,46,11,17,75,171,cnh_digital,CNH_frente,0,1,1,1,0,0,0,0,1,0,0,0,0,0,0,0,0,0,0,0
aug_imagem_47.jpg,"PUBLICA FEDERATIVA DO

CCARTEIRA NACIONAL DE HABILITACAO / DRIVER LICENSE/ PERMISO DE CONDUCCION

ES See

sowvans (amc | (Sm) D
ASLO)

RAELDACRUZ

‘MILENADAMOTA

\VALIDA EM TODO O TERRITORIO MACIONAL",29,0,63,9,243,17,74,169,60,46,11,cnh_digital,CNH_frente,0,1,1,1,0,0,0,0,1,0,0,0,0,0,0,0,0,0,0,0
aug_imagem_48.jpg,"VALIDA EM TODO 0 TERRITORIO NACIONAL

CARTEIRA NACIONAL DE HABILITACAO / DRIVER LICENSE /PERMISO DE CONDUCCION

26/12/2006, TEIXEIRA, RN

vawones | (tansena (ma) D

SR.NOAH ROCHA,

‘NINA BRITO",28,0,75,57,9,17,77,166,64,9,237,cnh_digital,CNH_frente,0,1,1,1,0,0,0,0,1,0,0,0,0,0,0,0,0,0,0,0
aug_imagem_49.jpg,"REPUBLICA FEDERATIVA DO B

RETARIA NACIONAL DE TR.
CCARTEIRA NACIONAL DE HABILITACAO / DRIVER LICENSE /PERMISO DE CONDUCCION

eS OE
ne

tsmon0rs rr028 mae] D
FEISS PE

457963520-47 55196443863 Gi
BRASILEIRO(A)

\VALIDA EM TODO 0 TERRITORIO NACIONAL",37,0,60,46,11,66,10,246,17,75,171,cnh_digital,CNH_frente,0,1,1,1,0,0,0,0,1,0,0,0,0,0,0,0,0,0,0,0
aug_imagem_5.jpg,"\VALIDA EM ToDO 0 TERRITORIO NACIONAL

CARTEIRA NACIONAL DE HABILITACAO / DRIVER LICENSE / PERMISO DE Ee

GES

491067328-87 22584245061, DIE
BRASILEIRO)

DR ASAFE CASTRO

SRA.CAROUINA SIQUEIRA",27,0,60,32,16,17,65,168,66,10,245,cnh_digital,CNH_frente,0,1,1,1,0,0,0,0,1,0,0,0,0,0,0,0,0,0,0,0
aug_imagem_50.jpg,"VALIDA EM TODO 0 TERRITORIO NACIONAL

CCARTEIRA NACIONAL DE HABILITACAO / DRIVER LICENSE /PERMISO DE CONDUCCION

(eee

eS Ce

14/11/2004, GARCIA. RI

Tine2t sonaros0  ) (amma) D
IS99100355P

81.564287-71,

67234379502 D

BRASILEIRO(A)

ory
LWwIGtBoRGES

[MELINA LOPES",36,0,17,76,172,66,10,246,70,70,11,cnh_digital,CNH_frente,0,1,1,1,0,0,0,0,1,0,0,0,0,0,0,0,0,0,0,0
aug_imagem_51.jpg,"PUBLICA FEDERATIVA DO

CCARTEIRA NACIONAL DE HABILITACAO / DRIVER LICENSE, PERMISO DE 5

eS ES
Sees ohana

DRA. EDUARDA MACHADO

VALIDA EM TODO 0 TERRITORIO NACIONAL",26,0,60,46,11,17,75,171,66,10,246,cnh_digital,CNH_frente,0,1,1,1,0,0,0,0,1,0,0,0,0,0,0,0,0,0,0,0
aug_imagem_52.jpg,"REPOBLICA FEDERATIVA DO BRASIL

ste TRANS PORTES

5

coos |[smans D

Scsorz39z7ssP sc.

851.026439-24 6512802814 DL

SAMUELTEDKEIRA

JUUANA ARAGAO

\VALIDA EM TODO 0 TERRITORIO NACIONAL",25,0,17,60,178,60,2,252,60,9,27,cnh_digital,CNH_frente,0,0,0,0,0,0,0,0,0,0,0,0,0,0,0,0,0,0,0,0
aug_imagem_53.jpg,"DAVIANDRADE

STEPHANY RAMOS

i",4,0,60,9,244,75,43,12,18,59,156,cnh_digital,CNH_frente,0,0,0,0,0,0,0,0,0,0,0,0,0,0,0,0,0,0,0,0
aug_imagem_54.jpg,"PUBLICA FEDERATIVA DO

CARTIRANACIONAL DE HABILITAGIO/ DRIVERLICENSE/ PERMISO DE CONDUCCION
(Ssbawota SSS~S~S™S~CS@i (asin)
12/2199, RAMOS MS
wana )(zanvems_ ) (a) D
MSOSHOLGSSSPMS
(disses |(sreise Jer
SR AOMPESAMPAID

SRA. CAROLINA ALBUQUERQUE,

VALIDA EM TODO O TERRITORIO NACIONAL",36,0,17,78,160,64,9,230,60,32,8,cnh_digital,CNH_frente,0,0,1,0,0,0,0,0,1,0,0,0,0,0,0,0,0,0,0,0
aug_imagem_55.jpg,"CCARTEIRA NACIONAL DE HABILITACAO / DRIVER LICENSE / PERMISO DE CONDUCCION

(aie sees a 5

4

‘AMPAS7B66S SSP AM
isa so 1081772864 »
BRASILEIRO)

VALIDA EM TODO 0 TERRITORIO MACIONAL",30,0,60,2,252,60,11,24,17,58,180,cnh_digital,CNH_frente,0,1,1,1,0,0,0,0,1,0,0,0,0,0,0,0,0,0,0,0
aug_imagem_56.jpg,"CARTEIRA NACIONAL DE HABILITACAO / DRIVER LICENSE  PERMISO DE CONDUCCION

(acunaae (cnonse’ J)

(GOMES DA SERRA,

Tyeeatat oraear D
Tmio0aa07 ss

—

SR. VINICIUS JESUS

SRA.CAMILA PIRES

VALIDA EM TODO 0 TERAITORIO NACIONAL",33,0,17,64,178,75,26,20,66,5,252,cnh_digital,CNH_frente,0,1,1,1,0,0,0,0,1,0,0,0,0,0,0,0,0,0,0,0
aug_imagem_57.jpg,"PUBLICA FEDERATIVA DO

CCARTEIRA NACIONAL DE HABILITACAO / DRIVER LICENSE/ PERMISO DECONDUCCION

ES EE

venvam—)(zomnco | (mm) D
(scone (usin d(cie
ASLO)

GUSTAVO DAS NEVES

ISABELA NUNES

VALIDA EM TODO 0 TERRITORIO NACIONAL",33,0,66,10,246,17,75,171,60,46,11,cnh_digital,CNH_frente,0,1,1,1,0,0,0,0,1,0,0,0,0,0,0,0,0,0,0,0
aug_imagem_58.jpg,"REPUBLICA FEDERATIVA DO BRASIL

MINISTERIO DOS TRANS PORTES
SECRETARIA NACIONAL DE TRANSITO

‘ CCARTEIRA NACIONAL DE HABILITACAO / DRIVER LICENSE /PERMISO DE CONDUCCION

Ce (ee FT

woian2 mines”) (oz) D
HOW SP _)
rassnrme (anon (ce
HRASILEIOA)

yokotucas asus

LUIZA FOGAGA

\VALIDA EM TODO 0 TERRITORIO NACIONAL",47,0,17,68,169,67,9,242,60,24,21,cnh_digital,CNH_frente,1,1,1,1,0,0,0,0,1,0,0,0,0,0,0,0,0,0,0,0
aug_imagem_59.jpg,"PUBLICA FEDERATIVA DO

CCARTEIRA NACIONAL DE HABILITACAO / DRIVER LICENSE, PERMISO DE 5

SSE

1713/1965, FRETAS,T0

rpnon0rs osr20s2 mae] D
TomDS125 8° TO

Saoszses _J(ssseress Joie
BRASILEIRO)

‘SR ANTONY MENDONGA

[MARIA VITORIA MONTEIRO

VALIDA EM TODO 0 TERRITORIO NACIONAL",39,0,64,8,246,17,68,175,60,23,22,cnh_digital,CNH_frente,0,1,1,1,0,0,0,0,1,0,0,0,0,0,0,0,0,0,0,0
aug_imagem_6.jpg,"PUBLICA FEDERATIVA DO

CARTEIRA NACIONAL DE HABILITACAO / DRIVER LICENSE /PERMISO DE CONDUCCION

Se Ee

(09/02/1994, PIRES, AC

San aemi acne

[MARIA SIs PEKOTO

\VALIDA EM TODO 0 TERRITORIO NACIONAL",30,0,66,10,246,75,46,11,17,75,171,cnh_digital,CNH_frente,0,1,1,1,0,0,0,0,1,0,0,0,0,0,0,0,0,0,0,0
aug_imagem_60.jpg,"VALIDA EM TODO 0 TERRITORIO NACIONAL

CCARTEIRA NACIONAL DE HABILITACAO / DRIVER LICENSE /PERMISO DE CONDUCCION

(Ge OEE

6/06/1986, CIRINO, SP

RASIROW)

‘MATEUS SALES

LARISSA SOUZA",26,0,66,10,246,75,51,10,17,75,171,cnh_digital,CNH_frente,0,1,1,1,0,0,0,0,1,0,0,0,0,0,0,0,0,0,0,0
aug_imagem_61.jpg,"CCARTEIRANACIONAL DE HABILITACAO / DRIVER LICENSE, PERMISO DE CONDUCCION

i)

17/0/1984, MACHADO DE JESUS, SE

* V{cceaom (ma) D

BRASILEIROVA)

Fo
ENZOCALDEIRA

‘SRA. MARCELA SAMPAIO",25,0,18,64,168,66,10,245,60,30,17,cnh_digital,CNH_frente,0,1,1,1,0,0,0,0,1,0,0,0,0,0,0,0,0,0,0,0
aug_imagem_62.jpg,"PUBLICA FEDERATIVA DO

CARTEIRA NACIONAL DE HABILITACAO / DRIVER LICENSE/ PERMISO DECONDUCCION

Se SS

vanana—)(osnvenae _ ) (a) D
nespeaneossP A
AStIOA)

RAVIGONGALVES

‘SRA.PIETRA MENDONCA

VALIDA EM TODO 0 TERRITORIO NACIONAL",31,0,60,46,11,66,10,246,17,75,171,cnh_digital,CNH_frente,0,1,1,1,0,0,0,0,1,0,0,0,0,0,0,0,0,0,0,0
aug_imagem_63.jpg,"PUBLICA FEDERATIVA DO

CCARTEIRA NACIONAL DE HABILITACAO / DRIVER LICENSE/ PERMISO DE CONDUCCION

vaoies—)(oonvense (a) D
ASLO)

LWIZMIGUELFOGACA

‘MATTE MOREIRA

VALIDA EM TODO 0 TERRITORIO NACIONAL",26,0,17,75,171,70,70,11,66,10,246,cnh_digital,CNH_frente,0,1,1,1,0,0,0,0,1,0,0,0,0,0,0,0,0,0,0,0
aug_imagem_64.jpg,"VALIDA EM TODO 0 TERRITORIO NACIONAL

CCARTEIRA NACIONAL DE HABILITACAO / DRIVER LICENSE /PERMISO DE CONDUCCION

(Ess

(09/05/1963, FERREIRA DE GONGALVES, SE

rsn022 tsnscozr (man) D
SeLeco0ssPSe

567312490-25 7765740692 DE
BRASILEIRO(A)",31,0,17,75,171,60,46,11,66,10,246,cnh_digital,CNH_frente,0,1,1,1,0,0,0,0,1,0,0,0,0,0,0,0,0,0,0,0
aug_imagem_65.jpg,"\VALIDA EM TODO 0 TERRITORIO NACIONAL

REPUBLICA FEDERATIVA DO BRASIL

MINISTERIO DOS TRANSPORTES
SECRETARIAN NAL DE TRANSITO

CCARTEIRA NACIONAL DE HABILITACAO / DRIVER LICENSE /PERMISO DE CONDUCCION

a D

5

LORENZOCIRINO

HADASSA RIOS",33,0,17,67,163,63,9,244,75,34,15,cnh_digital,CNH_frente,1,1,1,1,0,0,0,0,1,0,0,0,1,0,0,0,0,0,0,0
aug_imagem_66.jpg,"VALIDA EM TODO 0 TERRITORIO NACIONAL

CCARTEIRANACIONAL DE HABILITACAO / DRIVER LICENSE PERMISO DE CONDUCCION

(Geese,

dS tant)

1317994, DA CRUZ. RN
tans tann033 mas] D
RNO2954461 SP RN

06.154372-62

74273654155 BE

BRASILEIRO(A)

ory
DR LEVIMENDES

‘ANALWUIZA MACEDO",38,0,60,46,11,66,10,246,17,75,171,cnh_digital,CNH_frente,0,1,1,1,0,0,0,0,1,0,0,0,0,0,0,0,0,0,0,0
aug_imagem_67.jpg,"PUBLICA FEDERATIVA DO

CCARTEIRA NACIONAL DE HABILITACAO / DRIVER LICENSE, PERMISO DE “5

13/04/1965, MONTEIRO, RO

DR.GUSTAVOCAMPOS

‘YASMINDA CONCEICAO

\VALIDA EM TODO 0 TERRITORIO NACIONAL",25,0,70,48,16,17,73,177,67,9,250,cnh_digital,CNH_frente,0,1,1,1,0,0,0,0,1,0,0,0,0,0,0,0,0,0,0,0
aug_imagem_68.jpg,"VALIDA EM TODO 0 TERRITORIO NACIONAL

CCARTEIRA NACIONAL DE HABILITACAO / DRIVER LICENSE, PERMISO DE 5

(esirce if

152/966, DUARTE, AM
cna ecou032 Nh)
‘AMI294591 SSP AM
1239967086 16663173123 a
BRASILEIRO)",31,0,66,10,246,17,75,171,60,46,11,cnh_digital,CNH_frente,0,1,1,1,0,0,0,0,1,0,0,0,0,0,0,0,0,0,0,0
aug_imagem_69.jpg,"VALIDA EM TODO 0 TERAITORIO NACIONAL

‘A DO BRASIL

Te

CCARTEIRANACIONAL DE HABILITACAO / DRIVER LICENSE / PERMISO DE CONDUCCION

(eueseeate

21/08/2005, VASCONCELOS, BA
snares) [aanncanas man) D

BA3#110422 SSP BA
542.718930-05, 55274608103 cur
BRASILEIROVA)
erry

‘SR MATHEUS APARECIDA

LIZ FERNANDES",41,0,66,10,245,18,67,168,60,32,16,cnh_digital,CNH_frente,0,1,1,1,0,0,0,0,1,0,0,0,0,0,0,0,0,0,0,0
aug_imagem_7.jpg,"REPOBLICA FEDERATIVA DO BRASIL
ANSPORTES
TIARIA NACIONAL DE T

CARTEIRA NACIONAL DE HABILITACAO / DRIVER LICENSE /PERMISO DE CONDUCCION

(tiscames  SS™~™S~CS sr)
256 NASCIMENTO DOCAMPO.MA

a tora a (am) D

MA2s058464 SSP MA
561.278439-28 26019628452 D
SILEIRO(A)

VALIDA EM TODO 0 TERRITORIO NACIONAL",43,0,63,9,244,75,34,15,18,66,163,cnh_digital,CNH_frente,0,1,1,1,0,0,0,0,1,0,0,0,0,0,0,0,0,0,0,0
aug_imagem_70.jpg,"REPUBLICA FEDERATIVA DO B

CCARTEIRA NACIONAL DE HABILITACAO /DRIVER LICENSE /PERMISO DE CONDUCCION

SE

(07/11/1988, FOGACA DO AMPARO, MT

yrs suerneer ) (ma) D
Tan8097 SSP MT
rsasenersan _)[ssssoos0 _ ) (0
BRASILEIOA)

DRLEVIOUVEIRA

BIANCA SILVEIRA

VALIDA EM TODO O TERRITORIO NACIONAL",42,0,75,64,8,67,10,226,17,80,157,cnh_digital,CNH_frente,0,1,1,1,0,0,0,0,1,0,0,0,0,0,0,0,0,0,0,0
aug_imagem_71.jpg,"VALIDA EM TODO 0 TERRITORIO NACIONAL

CARTEIRA NACIONAL DE HABILITACAO / DRIVER LICENSE, PERMISO DE CONDUCCION

2/204 DALUZDAS FLORES $C
ormanent soos) (aman) D

104693257-20 31527202860 ce
BRASILEIRO(A)

omy
‘YURICAMARA.

ALEXIA DA CONCEICAO",33,0,63,10,236,75,46,11,17,72,163,cnh_digital,CNH_frente,0,1,1,1,0,0,0,0,1,0,0,0,0,0,0,0,0,0,0,0
aug_imagem_72.jpg,"VALIDA EM TODO 0 TERRITORIO NACIONAL

CCARTEIRA NACIONAL DE HABILITACAO / DRIVER LICENSE /PERMISO DE CONDUCCION

20/12/1974, PORTO, RR

aamns—)(zsnan00 (mm) D
Samir J[isassinse Joie
ASLO)

FRANCISCOLIMA

BELLA DIAS",29,0,75,51,10,16,76,172,66,10,246,cnh_digital,CNH_frente,0,1,1,1,0,0,0,0,1,0,0,0,0,0,0,0,0,0,0,0
aug_imagem_73.jpg,"PUBLICA FEDERATIVA DO

CCARTEIRA NACIONAL DE HABILITACAO / DRIVER LICENSE, PERMISO DE 5

Paennomen

vsnoma—)(asevcns ) (a) D
cums \(emenn dar
ASLO)

ARTHUROLIVEIRA

‘MANUELLADAMOTA

VALIDA EM TODO 0 TERRITORIO NACIONAL",30,0,17,75,171,66,10,246,70,70,11,cnh_digital,CNH_frente,0,1,1,1,1,0,0,0,1,0,0,0,0,0,0,0,0,0,0,0
aug_imagem_74.jpg,"VALIDA EM TODO 0 TERRITORIO NACIONAL

PUBLICA FEDERATIVA DO BRASIL
INI

CARTEIRA NACIONAL DE HABILITACAO / DRIVER LICENSE/ PERMISO DE CONDUCCION

277986 1240, aM

AM29440187 SSP AM.
194023576-61 96551324104 DE
BRASILEIRO(A)",31,0,60,43,12,63,10,241,17,69,167,cnh_digital,CNH_frente,0,1,1,1,0,0,0,0,1,0,0,0,0,0,0,0,0,0,0,0
aug_imagem_75.jpg,"PUBLICA FEDERATIVA DO

CCARTEIRA NACIONAL DE HABILITACAO / DRIVER LICENSE/ PERMISO DECONDUCCION

(08/08/20, SILVEIRA DO NORTE, GO

PIETROREZENDE

SSRTA. EVELYNCIRINO

\VALIDA EM TODO 0 TERRITORIO NACIONAL",26,0,60,13,19,70,3,253,16,71,184,cnh_digital,CNH_frente,0,1,1,1,0,0,0,0,1,0,0,0,0,0,0,0,0,0,0,0
aug_imagem_76.jpg,"VALIDA EM TODO 0 TERRITORIO NACIONAL

CCARTEIRA NACIONAL DE HABILITACAO / DRIVER LICENSE /PERMISO DE CONDUCCION

15/05/1965, NOGUEIRA DO OESTE, SC

(come (nee —) (a) D

JOAOLUCAS RIBEIRO

[MIRELLA DAS NEVES",31,0,17,75,171,70,70,11,66,10,246,cnh_digital,CNH_frente,0,1,1,1,0,0,0,0,1,0,0,0,0,0,0,0,0,0,0,0
aug_imagem_77.jpg,"PUBLICA FEDERATIVA DO

CCARTEIRA NACIONAL DE HABILITACAO / DRIVER LICENSE, PERMISO DE 5

(she i

HENRY GABRIEL VIEIRA

‘MAYA CAMARGO

VALIDA EM TODO 0 TERRITORIO NACIONAL",26,0,66,10,246,60,46,11,17,75,171,cnh_digital,CNH_frente,0,1,1,1,0,0,0,0,1,0,0,0,0,0,0,0,0,0,0,0
aug_imagem_78.jpg,"VALIDA EM TODO 0 TERRITORIO NACIONAL

LICA FEDERATIVA DO BR

CARTEIRA NACIONAL DE: HABILITACAO / DRIVER LICENSE / PERMISO DE CONDUCCION
a = ea

56641483 SSP ES
420389615-06 posass23005 BE
BRASILEIROA)

‘SR LEANDRODAMOTA

DANIELA DAS NEVES",36,0,70,45,17,63,9,244,17,66,166,cnh_digital,CNH_frente,0,1,1,1,0,0,0,0,1,0,0,0,0,0,0,0,0,0,0,0
aug_imagem_79.jpg,"REPUBLICA FEDERATIVA DO B

RETARIA NACIONAL DE TR.

CCARTEIRA NACIONAL DE HABILITACAO / DRIVER LICENSE /PERMISO DE CONDUCCION

(ee (oc |

18/11/1978, CORREIA, RO

mana smo) (man) D
OST 2O7 8° RO

028756941-11, 14187309731, DL
BRASILEIRO(A)

\VALIDA EM TODO 0 TERRITORIO NACIONAL",42,0,17,75,171,60,46,11,66,10,246,cnh_digital,CNH_frente,0,1,1,1,0,0,0,0,1,0,0,0,0,0,0,0,0,0,0,0
aug_imagem_8.jpg,"VALIDA EM TODO 0 TERRITORIO NACIONAL

CCARTEIRA NACIONAL DE HABILITACAO / DRIVER LICENSE /PERMISO DE CONDUCCION

(6/06/1976, CALDEIRA DE MINAS, RN

[EMANUEL NOGUEIRA,

‘ANAUUIA CAMARGO",25,0,66,10,246,60,46,11,17,75,171,cnh_digital,CNH_frente,0,1,1,1,0,0,0,0,1,0,0,0,0,0,0,0,0,0,0,0
aug_imagem_80.jpg,"PUBLICA FEDERATIVA DO

CCARTEIRA NACIONAL DE HABILITACAO / DRIVER LICENSE/ PERMISO DECONDUCCION

eS rir
ae

JOKO MIGUEL PACHECO

SSRTA. MARIA FLORSALES

VALIDA EM TODO 0 TERRITORIO NACIONAL",27,0,60,30,17,17,72,183,70,3,252,cnh_digital,CNH_frente,0,1,1,1,0,0,0,0,1,0,0,0,0,0,0,0,0,0,0,0
aug_imagem_81.jpg,"\VALIDA EM TODO 0 TERRITORIO NACIONAL

CARTEIRA| NACIONAL DEHABILITACAO / DRIVER LICENSE/ PERMISO DE 5

GES",16,0,17,71,173,63,9,250,75,46,11,cnh_digital,CNH_frente,0,1,1,1,0,0,0,0,1,0,0,0,0,0,0,0,0,0,0,0
aug_imagem_82.jpg,"PUBLICA FEDERATIVA DO

CCARTEIRA NACIONAL DE HABILITACAO / DRIVER LICENSE/ PERMISO DECONDUCCION

SS

1490772003, RIOS PAULISTA, SP

IWANPEIKOTO

JUUALMA

VALIDA EM TODO 0 TERRITORIO NACIONAL",25,0,60,46,11,66,10,246,17,76,172,cnh_digital,CNH_frente,0,1,1,1,0,0,0,0,1,0,0,0,0,0,0,0,0,0,0,0
aug_imagem_83.jpg,"VALIDA EM TODO 0 TERRITORIO NACIONAL

CCARTEIRA NACIONAL DE HABILITACAO / DRIVER LICENSE /PERMISO DE CONDUCCION

23/01/1994, NUNES DE MINAS, PE.

vnarom—)(iomanms — ) (a) D

LUIZ FERNANDO NASCIMENTO

ANASOPHIA BRITO",31,0,66,10,246,60,46,11,17,75,171,cnh_digital,CNH_frente,0,1,1,1,0,0,0,0,1,0,0,0,0,0,0,0,0,0,0,0
aug_imagem_84.jpg,"VALIDA EM TODO O TERRITORIO NACIONAL

CCARTEIRA NACIONAL DE HABILITACAO / DRIVER LICENSE /PERMISO DE CONDUCCION

(02/11/1965, SALES VERDE, R)

tasn0ai tar0z7 ma] D
HDISLTIASSE RF
74936205125 19905065187 ce
BRASILEIRO)

HETTORCARVALHO

LAVINIA CAMARA,",33,0,60,57,9,66,11,238,17,79,165,cnh_digital,CNH_frente,0,1,1,1,0,0,0,0,1,0,0,0,0,0,0,0,0,0,0,0
aug_imagem_85.jpg,"VALIDA EM TODO 0 TERRITORIO NACIONAL

CCARTEIRA NACIONAL DE HABILITACAO / DRIVER LICENSE /PERMISO DE CONDUCCION

ae

eS Ct

Ton200e, NUNES VERDE AM
cowaroos o2031 a)
AnDSES2t6 85° Ax

203415679-06

62120119867 Ace

BRASILEIRO(A)

omy
{LUZ MIGUEL ARAUIO.

‘SRA.PIETRA VIANA",39,0,60,46,11,66,10,246,17,75,171,cnh_digital,CNH_frente,0,1,1,1,0,0,0,0,1,0,0,0,0,0,0,0,0,0,0,0
aug_imagem_86.jpg,"VALIDA EM TODO 0 TERRITORIO NACIONAL

CCARTEIRA NACIONAL DE

Gees

HABILITACAO / DRIVER LICENSE /PERMISO DE CONDUCCION

dS tsi)

oan96,D4 ROCHA SP
rans0zs osio33 sh)
SPISI7OSSPSP

746309215-16 921057453 B
BRASILEIRO)",30,0,17,75,171,60,46,11,66,10,246,cnh_digital,CNH_frente,0,1,1,1,0,0,0,0,1,0,0,0,0,0,0,0,0,0,0,0
aug_imagem_87.jpg,"FEDERATIVA DO BRASIL
£RIO DOS TRAN
ARIA NACIONAL DE TRA\

ales HABILITACAO/ DRIVER LICENSE / PERMISO DECONDUCCON

PAS2607452 SSP PA
950482.716-02 1421944270 BE
BRASILEIRO(A)

LORENZO NOVAIS

\VALIDA EM TODO 0 TERRITORIO MACIONAL",32,0,60,43,12,63,9,245,18,68,165,cnh_digital,CNH_frente,0,0,1,1,0,0,0,0,1,0,0,0,0,0,0,0,0,0,0,0
aug_imagem_88.jpg,"VALIDA EM TODO 0 TERRITORIO NACIONAL

CCARTEIRA NACIONAL DE HABILITACAO / DRIVER LICENSE /PERMISO DE CONDUCCION

ee EE

(6/10/1961, DA CUNHA DA PRAIA, RS

asnvame (conan) (Sm) D

[LUCAS GABRIEL SANTOS

CLARICE CARVALHO",33,0,17,75,171,60,46,11,66,10,246,cnh_digital,CNH_frente,0,1,1,1,0,0,0,0,1,0,0,0,0,0,0,0,0,0,0,0
aug_imagem_89.jpg,"VALIDA EM TODO 0 TERRITORIO NACIONAL

CCARTEIRA NACIONAL DE HABILITACAO / DRIVER LICENSE /PERMISO DE CONDUCCION

ES SS SEE

sai cic",21,0,17,75,171,66,10,246,70,70,11,cnh_digital,CNH_frente,0,1,1,1,0,0,0,0,1,0,0,0,0,0,0,0,0,0,0,0
aug_imagem_9.jpg,"VALIDA EM TODO 0 TERRITORIO NACIONAL

CCARTEIRA NACIONAL DE HABILITACAO / DRIVER LICENSE /PERMISO DE CONDUCCION

2am, SANTOS DE MORAES, AM
anwens—)(znmc0 (Sm) D
ASLO)",25,0,66,10,246,70,70,11,17,75,171,cnh_digital,CNH_frente,0,1,1,1,0,0,0,0,1,0,0,0,0,0,0,0,0,0,0,0
aug_imagem_90.jpg,"PUBLICA FEDERATIVA DO

CCARTEIRA NACIONAL DE HABILITACAO / DRIVER LICENSE, PERMISO DE a5

Ce ESS ee

30/07/1964, MONTENEGRO DA PRATA. PA

vans) (iron) (a) D
(Sinise Jen Je
ASIROW)

DR ANTONY CASTRO

‘LORENA REZENDE

VALIDA EM TODO 0 TERRITORIO NACIONAL",40,0,60,32,8,67,10,230,17,77,159,cnh_digital,CNH_frente,0,1,1,1,0,0,0,0,1,0,0,0,0,0,0,0,0,0,0,0
aug_imagem_91.jpg,"PUBLICA FEDERATIVA DO

CCARTEIRA NACIONAL DE HABILITACAO / DRIVER LICENSE/ PERMISO DECONDUCCION

Ee SS
ee

ANDRE ALBUQUERQUE,

(GABRIELLY MACEDO

VALIDA EM TODO 0 TERRITORIO NACIONAL",25,0,67,9,252,75,27,19,16,72,180,cnh_digital,CNH_frente,0,1,1,1,0,0,0,0,1,0,0,0,0,0,0,0,0,0,0,0
aug_imagem_92.jpg,"PUBLICA FEDERATIVA DO

CCARTEIRA NACIONAL DE HABILITACAO / DRIVER LICENSE /PERMISO DE CONDUCCION

eS EE

29/02/1988, SOUZA DAS PEDRAS, TO

onvans—)(vmmacos, (SD
mime Y(emsmns doe
ASTRO)

‘MIGUEL GUERRA

DRA. ANA CAROLINA MORAES

\VALIDA EM TODO 0 TERRITORIO NACIONAL",38,0,60,46,11,17,75,171,66,10,246,cnh_digital,CNH_frente,0,1,1,1,0,0,0,0,1,0,0,0,0,0,0,0,0,0,0,0
aug_imagem_93.jpg,"\VALIDA EM TODO 0 TERRITORIO NACIONAL

REPUBLICA FEDERATIVA DO B

RETARIA NACIONAL DE TR.
CCARTEIRA NACIONAL DE HABILITACAO / DRIVER LICENSE /PERMISO DE CONDUCCION

TS fermion)

Cas

11/017985, NOVAS DE CALDERA. BA
esos ena sh)
ATAIDEDL SSP BA

918.760450-85

57271200320 B

BRASILEIRO(A)

SRIUANCOSTA

[MARIA LIZ BARROS",46,0,17,75,171,66,10,246,60,46,11,cnh_digital,CNH_frente,0,1,1,1,0,0,0,0,1,0,0,0,0,0,0,0,0,0,0,0
aug_imagem_94.jpg,"PUBLICA FEDERATIVA DO

CCARTEIRA NACIONAL DE HABILITACAO / DRIVER LICENSE /PERMISO DE CONDUCCION

(02/11/1985, GARCIA DE ABREU, PB

‘LORENZO MARQUES

[ANA BEATRIZ REZENDE.

\VALIDA EM TODO 0 TERRITORIO NACIONAL",29,0,66,10,246,17,75,171,60,46,11,cnh_digital,CNH_frente,0,1,1,1,0,0,0,0,1,0,0,0,0,0,0,0,0,0,0,0
aug_imagem_95.jpg,"PUBLICA FEDERATIVA DO

CCARTEIRA NACIONAL DE HABILITACAO / DRIVER LICENSE/ PERMISO DECONDUCCION

(oe)

1109/1980, PEREIRA, AC

vonanon—)(tsnoonss (mm) D
ASTRO)

KAIQUE AZEVEDO

BELLA CIRINO

VALIDA EM TODO 0 TERRITORIO NACIONAL",30,0,16,76,172,75,51,10,66,10,246,cnh_digital,CNH_frente,0,1,1,1,0,0,0,0,1,0,0,0,0,0,0,0,0,0,0,0
aug_imagem_96.jpg,"VALIDA EM TODO 0 TERRITORIO NACIONAL

CARTEIRA NACIONAL DE HABILITACAO / DRIVER LICENSE / PERMISO DE CONDUCCION

foe,  _______ eer J

BRASILEIRO(A)

DIEGODA CRUZ

ANNALIZDA LUZ",26,0,63,9,244,18,65,164,60,34,15,cnh_digital,CNH_frente,0,1,1,1,0,0,0,0,1,0,0,0,0,0,0,0,0,0,0,0
aug_imagem_97.jpg,"VALIDA EM TODO 0 TERRITORIO NACIONAL

CCARTEIRA NACIONAL DE HABILITACAO / DRIVER LICENSE / PERMISO DE CONDUCCION

eS are

(6/07/1982, MOURA,GO

Tasr0az eas Nh)
Gowest34 ss GO

360419780-04 77515276890 i
BRASILEIRO)

(GUSTAVO HENRIQUE VIANA

LUANA ARAUIO.",36,0,60,46,11,17,75,171,66,10,246,cnh_digital,CNH_frente,0,1,1,1,0,0,0,0,1,0,0,0,0,0,0,0,0,0,0,0
aug_imagem_98.jpg,"REPUBLICA FEDERATIVA DO BRASIL

MINISTERIO DOS TRANSPORTES
SECRETARIA NACIONAL DE TRANSITO

CARTEIRA! ee DE HABILITACAO / DRIVER LICENSE PERMISO DE covoucadn

LAls DA CUNHA

VALIDA EM TODO 0 TERRITORIO NACIONAL",30,0,60,11,24,17,63,173,64,7,251,cnh_digital,CNH_frente,1,1,1,1,0,0,0,0,1,0,0,0,1,0,0,0,0,0,0,0
aug_imagem_99.jpg,"VALIDA EM TODO 0 TERRITORIO NACIONAL

CCARTEIRA NACIONAL DE HABILITACAO / DRIVER LICENSE /PERMISO DE CONDUCCION

(07/05/1989, CASTRO, AM

AGATHA MOURA",21,0,60,46,11,66,10,245,17,75,170,cnh_digital,CNH_frente,0,1,1,1,0,0,0,0,1,0,0,0,0,0,0,0,0,0,0,0
